country,iso_code,year,population,gdp,total_energy_twh,energy_per_capita_kwh,energy_intensity,oil_consumption_twh,gas_consumption_twh,coal_consumption_twh,biofuel_consumption_twh,renewables_consumption_twh,low_carbon_consumption_twh,fossil_consumption_twh,fossil_share_energy,low_carbon_share_energy,co2_emissions
Brazil,BRA,1900,18058538.0,15718016000.0,0.0,0.0,0.0,0.0,0.0,0.0,0.0,0.0,0.0,0.0,0.0,0.0,0.0
Brazil,BRA,1901,18463951.0,17288480768.0,0.0,0.0,0.0,0.0,0.0,0.0,0.0,0.0,0.0,0.0,0.0,0.0,0.0
Brazil,BRA,1902,18869255.0,17298221056.0,0.0,0.0,0.0,0.0,0.0,0.0,0.0,0.0,0.0,0.0,0.0,0.0,0.0
Brazil,BRA,1903,19274237.0,17645600768.0,0.0,0.0,0.0,0.0,0.0,0.0,0.0,0.0,0.0,0.0,0.0,0.0,0.0
Brazil,BRA,1904,19687910.0,17980866560.0,0.0,0.0,0.0,0.0,0.0,0.0,0.0,0.0,0.0,0.0,0.0,0.0,0.0
Brazil,BRA,1905,20110461.0,18502774784.0,0.0,0.0,0.0,0.0,0.0,0.0,0.0,0.0,0.0,0.0,0.0,0.0,0.0
Brazil,BRA,1906,20542081.0,20284010496.0,0.0,0.0,0.0,0.0,0.0,0.0,0.0,0.0,0.0,0.0,0.0,0.0,0.0
Brazil,BRA,1907,20982964.0,20275920896.0,0.0,0.0,0.0,0.0,0.0,0.0,0.0,0.0,0.0,0.0,0.0,0.0,0.0
Brazil,BRA,1908,21433310.0,20131334144.0,0.0,0.0,0.0,0.0,0.0,0.0,0.0,0.0,0.0,0.0,0.0,0.0,0.0
Brazil,BRA,1909,21892657.0,21732245504.0,0.0,0.0,0.0,0.0,0.0,0.0,0.0,0.0,0.0,0.0,0.0,0.0,0.0
Brazil,BRA,1910,22361184.0,21993840640.0,0.0,0.0,0.0,0.0,0.0,0.0,0.0,0.0,0.0,0.0,0.0,0.0,0.0
Brazil,BRA,1911,22839075.0,24411211776.0,0.0,0.0,0.0,0.0,0.0,0.0,0.0,0.0,0.0,0.0,0.0,0.0,0.0
Brazil,BRA,1912,23326514.0,24141056000.0,0.0,0.0,0.0,0.0,0.0,0.0,0.0,0.0,0.0,0.0,0.0,0.0,0.0
Brazil,BRA,1913,23823693.0,24748359680.0,0.0,0.0,0.0,0.0,0.0,0.0,0.0,0.0,0.0,0.0,0.0,0.0,0.0
Brazil,BRA,1914,24331468.0,24257644544.0,0.0,0.0,0.0,0.0,0.0,0.0,0.0,0.0,0.0,0.0,0.0,0.0,0.0
Brazil,BRA,1915,24850065.0,25364871168.0,0.0,0.0,0.0,0.0,0.0,0.0,0.0,0.0,0.0,0.0,0.0,0.0,0.0
Brazil,BRA,1916,25379715.0,26104092672.0,0.0,0.0,0.0,0.0,0.0,0.0,0.0,0.0,0.0,0.0,0.0,0.0,0.0
Brazil,BRA,1917,25920654.0,27944951808.0,0.0,0.0,0.0,0.0,0.0,0.0,0.0,0.0,0.0,0.0,0.0,0.0,0.0
Brazil,BRA,1918,26470416.0,27354357760.0,0.0,0.0,0.0,0.0,0.0,0.0,0.0,0.0,0.0,0.0,0.0,0.0,0.0
Brazil,BRA,1919,27027899.0,30967590912.0,0.0,0.0,0.0,0.0,0.0,0.0,0.0,0.0,0.0,0.0,0.0,0.0,0.0
Brazil,BRA,1920,27593186.0,34035767296.0,0.0,0.0,0.0,0.0,0.0,0.0,0.0,0.0,0.0,0.0,0.0,0.0,0.0
Brazil,BRA,1921,28166360.0,34737496064.0,0.0,0.0,0.0,0.0,0.0,0.0,0.0,0.0,0.0,0.0,0.0,0.0,0.0
Brazil,BRA,1922,28747505.0,37133139968.0,0.0,0.0,0.0,0.0,0.0,0.0,0.0,0.0,0.0,0.0,0.0,0.0,0.0
Brazil,BRA,1923,29336703.0,39232720896.0,0.0,0.0,0.0,0.0,0.0,0.0,0.0,0.0,0.0,0.0,0.0,0.0,0.0
Brazil,BRA,1924,29937978.0,39234359296.0,0.0,0.0,0.0,0.0,0.0,0.0,0.0,0.0,0.0,0.0,0.0,0.0,0.0
Brazil,BRA,1925,30551576.0,39370936320.0,0.0,0.0,0.0,0.0,0.0,0.0,0.0,0.0,0.0,0.0,0.0,0.0,0.0
Brazil,BRA,1926,31177749.0,40207945728.0,0.0,0.0,0.0,0.0,0.0,0.0,0.0,0.0,0.0,0.0,0.0,0.0,0.0
Brazil,BRA,1927,31816757.0,43147841536.0,0.0,0.0,0.0,0.0,0.0,0.0,0.0,0.0,0.0,0.0,0.0,0.0,0.0
Brazil,BRA,1928,32468862.0,48093126656.0,0.0,0.0,0.0,0.0,0.0,0.0,0.0,0.0,0.0,0.0,0.0,0.0,0.0
Brazil,BRA,1929,33134257.0,48189710336.0,0.0,0.0,0.0,0.0,0.0,0.0,0.0,0.0,0.0,0.0,0.0,0.0,0.0
Brazil,BRA,1930,33813213.0,45316800512.0,0.0,0.0,0.0,0.0,0.0,0.0,0.0,0.0,0.0,0.0,0.0,0.0,0.0
Brazil,BRA,1931,34506006.0,44327264256.0,0.0,0.0,0.0,0.0,0.0,0.0,0.0,0.0,0.0,0.0,0.0,0.0,0.0
Brazil,BRA,1932,35212919.0,45863583744.0,0.0,0.0,0.0,0.0,0.0,0.0,0.0,0.0,0.0,0.0,0.0,0.0,0.0
Brazil,BRA,1933,35934239.0,49478451200.0,0.0,0.0,0.0,0.0,0.0,0.0,0.0,0.0,0.0,0.0,0.0,0.0,0.0
Brazil,BRA,1934,36670335.0,53550284800.0,0.0,0.0,0.0,0.0,0.0,0.0,0.0,0.0,0.0,0.0,0.0,0.0,0.0
Brazil,BRA,1935,37421510.0,55056297984.0,0.0,0.0,0.0,0.0,0.0,0.0,0.0,0.0,0.0,0.0,0.0,0.0,0.0
Brazil,BRA,1936,38188072.0,60316401664.0,0.0,0.0,0.0,0.0,0.0,0.0,0.0,0.0,0.0,0.0,0.0,0.0,0.0
Brazil,BRA,1937,38970337.0,62286069760.0,0.0,0.0,0.0,0.0,0.0,0.0,0.0,0.0,0.0,0.0,0.0,0.0,0.0
Brazil,BRA,1938,39768626.0,64865640448.0,0.0,0.0,0.0,0.0,0.0,0.0,0.0,0.0,0.0,0.0,0.0,0.0,0.0
Brazil,BRA,1939,40633684.0,65550204928.0,0.0,0.0,0.0,0.0,0.0,0.0,0.0,0.0,0.0,0.0,0.0,0.0,0.0
Brazil,BRA,1940,41568218.0,66193539072.0,0.0,0.0,0.0,0.0,0.0,0.0,0.0,0.0,0.0,0.0,0.0,0.0,0.0
Brazil,BRA,1941,42575027.0,70802128896.0,0.0,0.0,0.0,0.0,0.0,0.0,0.0,0.0,0.0,0.0,0.0,0.0,0.0
Brazil,BRA,1942,43657003.0,68221296640.0,0.0,0.0,0.0,0.0,0.0,0.0,0.0,0.0,0.0,0.0,0.0,0.0,0.0
Brazil,BRA,1943,44817135.0,77735960576.0,0.0,0.0,0.0,0.0,0.0,0.0,0.0,0.0,0.0,0.0,0.0,0.0,0.0
Brazil,BRA,1944,46008096.0,80576684032.0,0.0,0.0,0.0,0.0,0.0,0.0,0.0,0.0,0.0,0.0,0.0,0.0,0.0
Brazil,BRA,1945,47230706.0,82817277952.0,0.0,0.0,0.0,0.0,0.0,0.0,0.0,0.0,0.0,0.0,0.0,0.0,0.0
Brazil,BRA,1946,48485805.0,91503345664.0,0.0,0.0,0.0,0.0,0.0,0.0,0.0,0.0,0.0,0.0,0.0,0.0,0.0
Brazil,BRA,1947,49774257.0,94744731648.0,0.0,0.0,0.0,0.0,0.0,0.0,0.0,0.0,0.0,0.0,0.0,0.0,0.0
Brazil,BRA,1948,51096948.0,103940636672.0,0.0,0.0,0.0,0.0,0.0,0.0,0.0,0.0,0.0,0.0,0.0,0.0,0.0
Brazil,BRA,1949,52489682.0,111894872064.0,0.0,0.0,0.0,0.0,0.0,0.0,0.0,0.0,0.0,0.0,0.0,0.0,0.0
Brazil,BRA,1950,53408501.0,119498719232.0,0.0,0.0,0.0,0.0,0.0,0.0,0.0,0.0,0.0,0.0,0.0,0.0,0.0
Brazil,BRA,1951,55018796.0,125334814720.0,0.0,0.0,0.0,0.0,0.0,0.0,0.0,0.0,0.0,0.0,0.0,0.0,0.0
Brazil,BRA,1952,56694832.0,134544285696.0,0.0,0.0,0.0,0.0,0.0,0.0,0.0,0.0,0.0,0.0,0.0,0.0,0.0
Brazil,BRA,1953,58433700.0,140888047616.0,0.0,0.0,0.0,0.0,0.0,0.0,0.0,0.0,0.0,0.0,0.0,0.0,0.0
Brazil,BRA,1954,60235068.0,151832723456.0,0.0,0.0,0.0,0.0,0.0,0.0,0.0,0.0,0.0,0.0,0.0,0.0,0.0
Brazil,BRA,1955,62101343.0,165244239872.0,0.0,0.0,0.0,0.0,0.0,0.0,0.0,0.0,0.0,0.0,0.0,0.0,0.0
Brazil,BRA,1956,64033951.0,170024681472.0,0.0,0.0,0.0,0.0,0.0,0.0,0.0,0.0,0.0,0.0,0.0,0.0,0.0
Brazil,BRA,1957,66031450.0,183084417024.0,0.0,0.0,0.0,0.0,0.0,0.0,0.0,0.0,0.0,0.0,0.0,0.0,0.0
Brazil,BRA,1958,68092105.0,202937286656.0,0.0,0.0,0.0,0.0,0.0,0.0,0.0,0.0,0.0,0.0,0.0,0.0,0.0
Brazil,BRA,1959,70214424.0,222726635520.0,0.0,0.0,0.0,0.0,0.0,0.0,0.0,0.0,0.0,0.0,0.0,0.0,0.0
Brazil,BRA,1960,72388071.0,243618988032.0,0.0,0.0,0.0,0.0,0.0,0.0,0.0,0.0,0.0,0.0,0.0,0.0,0.0
Brazil,BRA,1961,74605393.0,264690925568.0,0.0,0.0,0.0,0.0,0.0,0.0,0.0,0.0,0.0,0.0,0.0,0.0,0.0
Brazil,BRA,1962,76865270.0,282182189056.0,0.0,0.0,0.0,0.0,0.0,0.0,0.0,0.0,0.0,0.0,0.0,0.0,0.0
Brazil,BRA,1963,79164180.0,283741028352.0,0.0,0.0,0.0,0.0,0.0,0.0,0.0,0.0,0.0,0.0,0.0,0.0,0.0
Brazil,BRA,1964,81488546.0,293385633792.0,0.0,0.0,0.0,0.0,0.0,0.0,0.0,0.0,0.0,0.0,0.0,0.0,0.0
Brazil,BRA,1965,83817535.0,300547047424.0,273.87,3267.45,0.911,177.731,0.513,20.178,0.0,70.875,70.875,198.422,73.681,26.319,0.0
Brazil,BRA,1966,86139306.0,320583729152.0,298.78,3468.569,0.932,193.798,0.6,21.864,0.0,77.517,77.517,216.262,73.614,26.386,0.0
Brazil,BRA,1967,88446075.0,334149091328.0,309.579,3500.202,0.926,199.992,0.679,22.597,0.0,81.081,81.081,223.268,73.359,26.641,0.0
Brazil,BRA,1968,90741191.0,366804795392.0,353.486,3895.541,0.964,240.196,0.717,22.237,0.0,84.861,84.861,263.15,75.615,24.385,0.0
Brazil,BRA,1969,93045719.0,401601724416.0,385.812,4146.478,0.961,263.568,0.756,24.818,0.0,90.811,90.811,289.142,76.099,23.901,0.0
Brazil,BRA,1970,95375606.0,443496726528.0,466.117,4887.17,1.051,314.022,0.811,28.345,3.605,115.772,115.772,343.178,74.775,25.225,0.0
Brazil,BRA,1971,97739228.0,493683376128.0,505.982,5176.857,1.025,342.922,1.277,28.532,3.49,125.466,125.466,372.731,74.816,25.184,0.0
Brazil,BRA,1972,100146746.0,552789540864.0,582.635,5817.814,1.054,394.391,1.754,30.036,4.304,147.324,147.324,426.18,74.312,25.688,0.0
Brazil,BRA,1973,102600924.0,629980135424.0,687.829,6703.927,1.092,479.144,2.007,29.519,3.583,166.734,166.734,510.67,75.386,24.614,0.0
Brazil,BRA,1974,105089625.0,681263693824.0,762.341,7254.194,1.119,527.101,3.862,31.312,3.347,188.242,188.242,562.275,74.918,25.082,0.0
Brazil,BRA,1975,107619517.0,716641599488.0,802.55,7457.295,1.12,541.394,4.197,37.225,3.214,206.721,206.721,582.816,73.817,26.183,0.0
Brazil,BRA,1976,110213306.0,790037659648.0,877.895,7965.415,1.111,582.451,4.836,39.726,2.949,235.964,235.964,627.013,72.657,27.343,0.0
Brazil,BRA,1977,112875239.0,828975480832.0,940.252,8330.014,1.134,597.42,6.032,50.386,6.43,269.587,269.587,653.838,70.806,29.194,0.0
Brazil,BRA,1978,115600895.0,870261981184.0,1037.184,8972.111,1.192,651.683,7.938,57.935,11.558,301.126,301.126,717.555,70.44,29.56,0.0
Brazil,BRA,1979,118380770.0,929101316096.0,1121.672,9475.12,1.207,683.754,8.698,62.929,15.896,345.28,345.28,755.381,68.63,31.37,0.0
Brazil,BRA,1980,121207403.0,1014791995392.0,1158.037,9554.176,1.141,672.823,10.168,68.645,19.461,383.178,383.178,751.636,66.234,33.766,0.0
Brazil,BRA,1981,124063068.0,971272355840.0,1120.797,9034.095,1.154,634.046,9.124,67.158,17.818,386.909,386.909,710.328,64.738,35.262,0.0
Brazil,BRA,1982,126923109.0,978935414784.0,1180.552,9301.314,1.206,647.437,13.037,70.992,24.806,423.647,423.647,731.466,63.324,36.676,0.0
Brazil,BRA,1983,129790032.0,950507864064.0,1194.41,9202.629,1.257,603.868,17.629,79.837,35.638,465.729,465.729,701.334,60.094,39.906,0.0
Brazil,BRA,1984,132658811.0,1001891233792.0,1276.847,9625.041,1.274,607.217,20.519,98.591,44.14,515.81,520.374,726.327,58.26,41.74,0.0
Brazil,BRA,1985,135515541.0,1080097308672.0,1368.704,10099.976,1.267,625.487,25.74,116.548,54.092,559.163,568.554,767.774,57.454,42.546,0.0
Brazil,BRA,1986,138336321.0,1160963031040.0,1442.552,10427.865,1.243,675.096,29.987,117.993,69.462,586.163,586.563,823.075,58.389,41.611,0.0
Brazil,BRA,1987,141104892.0,1201712922624.0,1481.515,10499.39,1.233,691.2,33.475,123.555,70.325,597.024,599.726,848.229,58.581,41.419,0.0
Brazil,BRA,1988,143826311.0,1200534716416.0,1545.098,10742.805,1.287,709.973,33.698,126.268,74.058,637.531,639.219,869.938,57.644,42.356,0.0
Brazil,BRA,1989,146502923.0,1238775496704.0,1581.536,10795.254,1.277,720.311,34.549,125.291,80.062,659.28,664.364,880.152,56.986,43.014,0.0
Brazil,BRA,1990,149143183.0,1185475198976.0,1562.972,10479.677,1.318,716.195,31.455,111.621,73.802,660.05,666.264,859.271,56.326,43.674,0.0
Brazil,BRA,1991,151724204.0,1213090103296.0,1624.042,10703.906,1.339,727.471,32.701,127.964,75.068,692.516,696.522,888.136,56.046,43.954,0.0
Brazil,BRA,1992,154275022.0,1221828542464.0,1652.104,10708.821,1.352,736.129,37.044,124.18,73.601,709.402,714.289,897.353,55.679,44.321,0.0
Brazil,BRA,1993,156794519.0,1298220843008.0,1730.256,11035.18,1.333,768.929,43.395,127.936,77.747,746.28,747.508,940.26,55.71,44.29,0.0
Brazil,BRA,1994,159264962.0,1391783968768.0,1806.904,11345.27,1.298,809.626,47.392,131.332,83.522,774.541,774.694,988.349,56.059,43.941,0.0
Brazil,BRA,1995,161735036.0,1468835168256.0,1913.031,11828.177,1.302,860.193,52.305,137.73,87.004,809.776,816.774,1050.228,56.252,43.748,0.0
Brazil,BRA,1996,164202497.0,1520364945408.0,2030.631,12366.629,1.336,926.768,57.627,142.119,89.891,849.153,855.895,1126.514,56.826,43.174,0.0
Brazil,BRA,1997,166661609.0,1591956078592.0,2149.204,12895.617,1.35,999.648,62.625,142.971,86.482,884.476,893.279,1205.245,57.433,42.567,0.0
Brazil,BRA,1998,169159594.0,1617675812864.0,2239.432,13238.576,1.384,1052.714,65.632,140.04,85.937,919.042,928.111,1258.386,57.553,42.447,0.0
Brazil,BRA,1999,171641487.0,1645888012288.0,2269.971,13225.073,1.379,1059.68,77.88,141.808,86.176,926.246,937.293,1279.368,57.716,42.284,0.0
Brazil,BRA,2000,174018229.0,1739727962112.0,2364.255,13586.25,1.359,1098.586,97.045,151.181,75.091,945.207,962.001,1346.812,58.334,41.666,31.21
Brazil,BRA,2001,176301154.0,1785513115648.0,2304.051,13068.838,1.29,1105.891,122.862,148.788,70.39,838.67,878.115,1377.541,61.071,38.929,34.74
Brazil,BRA,2002,178503419.0,1861742362624.0,2351.535,13173.614,1.263,1079.309,145.163,144.01,76.281,892.357,930.264,1368.482,59.532,40.468,33.64
Brazil,BRA,2003,180622646.0,1904932683776.0,2386.334,13211.71,1.253,1039.934,162.473,149.419,72.719,942.937,979.335,1351.825,57.989,42.011,33.04
Brazil,BRA,2004,182675086.0,2038447996928.0,2503.373,13703.963,1.228,1075.881,193.225,156.657,80.952,989.595,1021.061,1425.762,58.27,41.73,39.44
Brazil,BRA,2005,184688047.0,2129214439424.0,2569.063,13910.281,1.207,1094.343,201.271,151.085,85.189,1035.215,1061.707,1446.699,57.674,42.326,39.86
Brazil,BRA,2006,186653053.0,2240805339136.0,2641.583,14152.367,1.179,1120.918,211.698,148.974,81.881,1061.542,1098.318,1481.59,57.428,42.572,40.25
Brazil,BRA,2007,188552256.0,2405626806272.0,2810.543,14905.913,1.168,1175.956,218.016,157.872,108.08,1161.013,1193.858,1551.844,56.519,43.481,40.47
Brazil,BRA,2008,190367242.0,2559842713600.0,2936.354,15424.68,1.147,1228.893,256.609,160.132,148.092,1188.129,1224.985,1645.634,57.327,42.673,52.63
Brazil,BRA,2009,192079912.0,2589568270336.0,2925.52,15230.744,1.13,1225.733,206.686,129.207,160.771,1261.723,1295.731,1561.627,54.653,45.347,40.73
Brazil,BRA,2010,193701879.0,2820492492800.0,3188.735,16462.074,1.131,1309.879,275.768,168.198,168.838,1324.56,1362.381,1753.845,56.281,43.719,58.88
Brazil,BRA,2011,195284687.0,2968454955008.0,3316.323,16981.994,1.117,1372.37,274.834,179.673,154.75,1373.394,1413.962,1826.877,56.37,43.63,53.05
Brazil,BRA,2012,196876061.0,3025484382208.0,3408.335,17312.084,1.127,1447.965,325.765,177.8,147.741,1342.998,1384.334,1951.53,58.501,41.499,70.91
Brazil,BRA,2013,198478236.0,3116394610688.0,3500.955,17638.986,1.123,1498.018,383.828,191.647,172.715,1317.562,1357.075,2073.493,60.442,39.558,95.81
Brazil,BRA,2014,200085074.0,3132099919872.0,3575.635,17870.574,1.142,1540.811,406.555,203.77,189.43,1317.889,1357.02,2151.135,61.318,38.682,113.94
Brazil,BRA,2015,201675482.0,3021043138560.0,3535.438,17530.332,1.17,1455.043,429.365,204.981,221.571,1343.086,1380.388,2089.39,60.217,39.783,109.64
Brazil,BRA,2016,203218058.0,2922076176384.0,3451.454,16983.994,1.181,1379.58,370.879,185.15,201.629,1403.47,1443.33,1935.609,57.285,42.715,86.63
Brazil,BRA,2017,204703394.0,2960731668480.0,3477.629,16988.623,1.175,1388.852,376.32,195.275,206.01,1406.64,1445.988,1960.447,57.551,42.449,91.86
Brazil,BRA,2018,206107217.0,3013541101568.0,3486.378,16915.361,1.157,1317.631,358.908,190.979,238.946,1505.676,1544.666,1867.518,54.731,45.269,82.36
Brazil,BRA,2019,207455405.0,3050327244800.0,3567.019,17194.148,1.169,1335.663,357.333,179.512,264.483,1576.005,1615.928,1872.509,53.678,46.322,89.89
Brazil,BRA,2020,208660785.0,2950377504768.0,3422.429,16401.881,1.16,1257.651,314.237,162.295,246.243,1575.936,1610.634,1734.183,51.847,48.153,83.85
Brazil,BRA,2021,209550238.0,3097565331456.0,3581.199,17089.93,1.156,1337.804,404.465,197.067,243.777,1531.76,1567.979,1939.336,55.294,44.706,110.26
Brazil,BRA,2022,210306358.0,3187413090304.0,3731.718,17744.197,1.171,1390.148,319.876,162.767,241.951,1737.903,1773.674,1872.792,51.359,48.641,69.97
Brazil,BRA,2023,211140678.0,0.0,3853.746,18252.031,0.0,1425.2,298.761,159.269,263.015,1839.673,1875.048,1883.23,50.109,49.891,68.44
Brazil,BRA,2024,211998503.0,0.0,3919.054,18486.234,0.0,1427.733,313.639,147.807,269.88,1898.276,1936.758,1889.178,49.378,50.622,76.92
Indonesia,IDN,1900,38179623.0,51910098944.0,0.0,0.0,0.0,0.0,0.0,0.0,0.0,0.0,0.0,0.0,0.0,0.0,0.0
Indonesia,IDN,1901,38668903.0,51089575936.0,0.0,0.0,0.0,0.0,0.0,0.0,0.0,0.0,0.0,0.0,0.0,0.0,0.0
Indonesia,IDN,1902,39163692.0,50067218432.0,0.0,0.0,0.0,0.0,0.0,0.0,0.0,0.0,0.0,0.0,0.0,0.0,0.0
Indonesia,IDN,1903,39646401.0,52836519936.0,0.0,0.0,0.0,0.0,0.0,0.0,0.0,0.0,0.0,0.0,0.0,0.0,0.0
Indonesia,IDN,1904,40116661.0,53544038400.0,0.0,0.0,0.0,0.0,0.0,0.0,0.0,0.0,0.0,0.0,0.0,0.0,0.0
Indonesia,IDN,1905,40574022.0,54217261056.0,0.0,0.0,0.0,0.0,0.0,0.0,0.0,0.0,0.0,0.0,0.0,0.0,0.0
Indonesia,IDN,1906,41018198.0,55577653248.0,0.0,0.0,0.0,0.0,0.0,0.0,0.0,0.0,0.0,0.0,0.0,0.0,0.0
Indonesia,IDN,1907,41465424.0,57010999296.0,0.0,0.0,0.0,0.0,0.0,0.0,0.0,0.0,0.0,0.0,0.0,0.0,0.0
Indonesia,IDN,1908,41914876.0,56856240128.0,0.0,0.0,0.0,0.0,0.0,0.0,0.0,0.0,0.0,0.0,0.0,0.0,0.0
Indonesia,IDN,1909,42366545.0,59669188608.0,0.0,0.0,0.0,0.0,0.0,0.0,0.0,0.0,0.0,0.0,0.0,0.0,0.0
Indonesia,IDN,1910,42820498.0,63242977280.0,0.0,0.0,0.0,0.0,0.0,0.0,0.0,0.0,0.0,0.0,0.0,0.0,0.0
Indonesia,IDN,1911,43254585.0,66186964992.0,0.0,0.0,0.0,0.0,0.0,0.0,0.0,0.0,0.0,0.0,0.0,0.0,0.0
Indonesia,IDN,1912,43716724.0,67204390912.0,0.0,0.0,0.0,0.0,0.0,0.0,0.0,0.0,0.0,0.0,0.0,0.0,0.0
Indonesia,IDN,1913,44180972.0,70277955584.0,0.0,0.0,0.0,0.0,0.0,0.0,0.0,0.0,0.0,0.0,0.0,0.0,0.0
Indonesia,IDN,1914,44647319.0,70179414016.0,0.0,0.0,0.0,0.0,0.0,0.0,0.0,0.0,0.0,0.0,0.0,0.0,0.0
Indonesia,IDN,1915,45118696.0,71131422720.0,0.0,0.0,0.0,0.0,0.0,0.0,0.0,0.0,0.0,0.0,0.0,0.0,0.0
Indonesia,IDN,1916,45528655.0,71621763072.0,0.0,0.0,0.0,0.0,0.0,0.0,0.0,0.0,0.0,0.0,0.0,0.0,0.0
Indonesia,IDN,1917,45837761.0,71790051328.0,0.0,0.0,0.0,0.0,0.0,0.0,0.0,0.0,0.0,0.0,0.0,0.0,0.0
Indonesia,IDN,1918,46225903.0,73209782272.0,0.0,0.0,0.0,0.0,0.0,0.0,0.0,0.0,0.0,0.0,0.0,0.0,0.0
Indonesia,IDN,1919,46707410.0,79914983424.0,0.0,0.0,0.0,0.0,0.0,0.0,0.0,0.0,0.0,0.0,0.0,0.0,0.0
Indonesia,IDN,1920,47304303.0,77485137920.0,0.0,0.0,0.0,0.0,0.0,0.0,0.0,0.0,0.0,0.0,0.0,0.0,0.0
Indonesia,IDN,1921,47889453.0,77563396096.0,0.0,0.0,0.0,0.0,0.0,0.0,0.0,0.0,0.0,0.0,0.0,0.0,0.0
Indonesia,IDN,1922,48464913.0,79663742976.0,0.0,0.0,0.0,0.0,0.0,0.0,0.0,0.0,0.0,0.0,0.0,0.0,0.0
Indonesia,IDN,1923,49048301.0,81177518080.0,0.0,0.0,0.0,0.0,0.0,0.0,0.0,0.0,0.0,0.0,0.0,0.0,0.0
Indonesia,IDN,1924,49640203.0,85424193536.0,0.0,0.0,0.0,0.0,0.0,0.0,0.0,0.0,0.0,0.0,0.0,0.0,0.0
Indonesia,IDN,1925,50240326.0,87028097024.0,0.0,0.0,0.0,0.0,0.0,0.0,0.0,0.0,0.0,0.0,0.0,0.0,0.0
Indonesia,IDN,1926,50849550.0,92032958464.0,0.0,0.0,0.0,0.0,0.0,0.0,0.0,0.0,0.0,0.0,0.0,0.0,0.0
Indonesia,IDN,1927,51467289.0,97879146496.0,0.0,0.0,0.0,0.0,0.0,0.0,0.0,0.0,0.0,0.0,0.0,0.0,0.0
Indonesia,IDN,1928,52094423.0,101521252352.0,0.0,0.0,0.0,0.0,0.0,0.0,0.0,0.0,0.0,0.0,0.0,0.0,0.0
Indonesia,IDN,1929,52730659.0,103854333952.0,0.0,0.0,0.0,0.0,0.0,0.0,0.0,0.0,0.0,0.0,0.0,0.0,0.0
Indonesia,IDN,1930,53422386.0,105315721216.0,0.0,0.0,0.0,0.0,0.0,0.0,0.0,0.0,0.0,0.0,0.0,0.0,0.0
Indonesia,IDN,1931,54167255.0,98592702464.0,0.0,0.0,0.0,0.0,0.0,0.0,0.0,0.0,0.0,0.0,0.0,0.0,0.0
Indonesia,IDN,1932,54965265.0,94763261952.0,0.0,0.0,0.0,0.0,0.0,0.0,0.0,0.0,0.0,0.0,0.0,0.0,0.0
Indonesia,IDN,1933,55772671.0,95742566400.0,0.0,0.0,0.0,0.0,0.0,0.0,0.0,0.0,0.0,0.0,0.0,0.0,0.0
Indonesia,IDN,1934,56592409.0,97150009344.0,0.0,0.0,0.0,0.0,0.0,0.0,0.0,0.0,0.0,0.0,0.0,0.0,0.0
Indonesia,IDN,1935,57426239.0,99821166592.0,0.0,0.0,0.0,0.0,0.0,0.0,0.0,0.0,0.0,0.0,0.0,0.0,0.0
Indonesia,IDN,1936,58274749.0,106169204736.0,0.0,0.0,0.0,0.0,0.0,0.0,0.0,0.0,0.0,0.0,0.0,0.0,0.0
Indonesia,IDN,1937,59137646.0,118784974848.0,0.0,0.0,0.0,0.0,0.0,0.0,0.0,0.0,0.0,0.0,0.0,0.0,0.0
Indonesia,IDN,1938,60015810.0,118306021376.0,0.0,0.0,0.0,0.0,0.0,0.0,0.0,0.0,0.0,0.0,0.0,0.0,0.0
Indonesia,IDN,1939,60908068.0,119488020480.0,0.0,0.0,0.0,0.0,0.0,0.0,0.0,0.0,0.0,0.0,0.0,0.0,0.0
Indonesia,IDN,1940,61843190.0,131348013056.0,0.0,0.0,0.0,0.0,0.0,0.0,0.0,0.0,0.0,0.0,0.0,0.0,0.0
Indonesia,IDN,1941,62820886.0,136663105536.0,0.0,0.0,0.0,0.0,0.0,0.0,0.0,0.0,0.0,0.0,0.0,0.0,0.0
Indonesia,IDN,1942,63742503.0,0.0,0.0,0.0,0.0,0.0,0.0,0.0,0.0,0.0,0.0,0.0,0.0,0.0,0.0
Indonesia,IDN,1943,64402814.0,0.0,0.0,0.0,0.0,0.0,0.0,0.0,0.0,0.0,0.0,0.0,0.0,0.0,0.0
Indonesia,IDN,1944,64654432.0,0.0,0.0,0.0,0.0,0.0,0.0,0.0,0.0,0.0,0.0,0.0,0.0,0.0,0.0
Indonesia,IDN,1945,64894598.0,0.0,0.0,0.0,0.0,0.0,0.0,0.0,0.0,0.0,0.0,0.0,0.0,0.0,0.0
Indonesia,IDN,1946,65358783.0,0.0,0.0,0.0,0.0,0.0,0.0,0.0,0.0,0.0,0.0,0.0,0.0,0.0,0.0
Indonesia,IDN,1947,66226965.0,0.0,0.0,0.0,0.0,0.0,0.0,0.0,0.0,0.0,0.0,0.0,0.0,0.0,0.0
Indonesia,IDN,1948,67261032.0,0.0,0.0,0.0,0.0,0.0,0.0,0.0,0.0,0.0,0.0,0.0,0.0,0.0,0.0
Indonesia,IDN,1949,68405199.0,94018076672.0,0.0,0.0,0.0,0.0,0.0,0.0,0.0,0.0,0.0,0.0,0.0,0.0,0.0
Indonesia,IDN,1950,68798981.0,105742745600.0,0.0,0.0,0.0,0.0,0.0,0.0,0.0,0.0,0.0,0.0,0.0,0.0,0.0
Indonesia,IDN,1951,70286268.0,113595817984.0,0.0,0.0,0.0,0.0,0.0,0.0,0.0,0.0,0.0,0.0,0.0,0.0,0.0
Indonesia,IDN,1952,71876387.0,119008854016.0,0.0,0.0,0.0,0.0,0.0,0.0,0.0,0.0,0.0,0.0,0.0,0.0,0.0
Indonesia,IDN,1953,73569096.0,125027598336.0,0.0,0.0,0.0,0.0,0.0,0.0,0.0,0.0,0.0,0.0,0.0,0.0,0.0
Indonesia,IDN,1954,75367323.0,132648517632.0,0.0,0.0,0.0,0.0,0.0,0.0,0.0,0.0,0.0,0.0,0.0,0.0,0.0
Indonesia,IDN,1955,77273447.0,136433229824.0,0.0,0.0,0.0,0.0,0.0,0.0,0.0,0.0,0.0,0.0,0.0,0.0,0.0
Indonesia,IDN,1956,79282508.0,138179182592.0,0.0,0.0,0.0,0.0,0.0,0.0,0.0,0.0,0.0,0.0,0.0,0.0,0.0
Indonesia,IDN,1957,81390784.0,147685294080.0,0.0,0.0,0.0,0.0,0.0,0.0,0.0,0.0,0.0,0.0,0.0,0.0,0.0
Indonesia,IDN,1958,83592706.0,142311997440.0,0.0,0.0,0.0,0.0,0.0,0.0,0.0,0.0,0.0,0.0,0.0,0.0,0.0
Indonesia,IDN,1959,85892821.0,148373766144.0,0.0,0.0,0.0,0.0,0.0,0.0,0.0,0.0,0.0,0.0,0.0,0.0,0.0
Indonesia,IDN,1960,88296023.0,154784595968.0,0.0,0.0,0.0,0.0,0.0,0.0,0.0,0.0,0.0,0.0,0.0,0.0,0.0
Indonesia,IDN,1961,90791195.0,164961484800.0,0.0,0.0,0.0,0.0,0.0,0.0,0.0,0.0,0.0,0.0,0.0,0.0,0.0
Indonesia,IDN,1962,93375809.0,164672684032.0,0.0,0.0,0.0,0.0,0.0,0.0,0.0,0.0,0.0,0.0,0.0,0.0,0.0
Indonesia,IDN,1963,96051372.0,158306811904.0,0.0,0.0,0.0,0.0,0.0,0.0,0.0,0.0,0.0,0.0,0.0,0.0,0.0
Indonesia,IDN,1964,98833698.0,164270391296.0,0.0,0.0,0.0,0.0,0.0,0.0,0.0,0.0,0.0,0.0,0.0,0.0,0.0
Indonesia,IDN,1965,101365083.0,165966266368.0,84.516,833.778,0.509,72.544,5.075,1.5,0.0,5.07,5.07,79.119,93.978,6.022,0.0
Indonesia,IDN,1966,103792710.0,165937627136.0,83.896,808.304,0.506,69.864,5.176,1.838,0.0,6.592,6.592,76.879,92.102,7.898,0.0
Indonesia,IDN,1967,106526344.0,162199044096.0,82.897,778.185,0.511,67.403,6.323,1.291,0.0,7.402,7.402,75.017,91.019,8.981,0.0
Indonesia,IDN,1968,109449945.0,177944035328.0,88.425,807.906,0.497,71.299,6.425,0.965,0.0,9.146,9.146,78.69,89.588,10.412,0.0
Indonesia,IDN,1969,112517592.0,199907966976.0,99.786,886.849,0.499,76.334,12.109,1.163,0.0,9.563,9.563,89.606,90.357,9.643,0.0
Indonesia,IDN,1970,115657438.0,220830564352.0,106.956,924.764,0.484,80.993,12.576,1.012,0.0,11.625,11.625,94.58,89.054,10.946,0.0
Indonesia,IDN,1971,118833649.0,233065676800.0,101.902,857.518,0.437,83.944,12.718,1.163,0.0,3.83,3.83,97.825,96.232,3.768,0.0
Indonesia,IDN,1972,122039794.0,259469197312.0,108.067,885.507,0.416,90.784,12.474,1.163,0.0,3.425,3.425,104.421,96.824,3.176,0.0
Indonesia,IDN,1973,125288460.0,297900736512.0,121.874,972.745,0.409,108.375,8.12,0.779,0.0,4.321,4.321,117.274,96.446,3.554,0.0
Indonesia,IDN,1974,128554995.0,313092767744.0,130.604,1015.942,0.417,113.22,11.439,0.849,0.0,4.788,4.788,125.508,96.326,3.674,0.0
Indonesia,IDN,1975,131843799.0,313087950848.0,159.924,1212.983,0.511,129.848,23.649,1.082,0.0,5.021,5.021,154.579,96.854,3.146,0.0
Indonesia,IDN,1976,135173615.0,340620640256.0,167.967,1242.603,0.493,139.897,23.852,1.082,0.0,2.946,2.946,164.831,98.244,1.756,0.0
Indonesia,IDN,1977,138533490.0,367091515392.0,222.085,1603.114,0.605,164.958,50.75,1.163,0.0,4.898,4.898,216.871,97.791,2.209,0.0
Indonesia,IDN,1978,141953114.0,383794675712.0,249.855,1760.124,0.651,185.917,58.667,1.547,0.0,3.499,3.499,246.131,98.598,1.402,0.0
Indonesia,IDN,1979,145434786.0,404845723648.0,284.463,1955.95,0.703,202.276,75.719,2.326,0.0,3.892,3.892,280.321,98.631,1.369,0.0
Indonesia,IDN,1980,148950491.0,439667556352.0,305.611,2051.762,0.695,227.564,71.354,2.942,0.0,3.523,3.523,301.86,98.846,1.154,0.0
Indonesia,IDN,1981,152484982.0,469898625024.0,327.653,2148.758,0.697,249.523,71.253,3.14,0.0,3.511,3.511,323.916,98.928,1.072,0.0
Indonesia,IDN,1982,156052104.0,452605673472.0,334.077,2140.807,0.738,259.334,67.701,2.966,0.0,3.83,3.83,330.0,98.853,1.147,0.0
Indonesia,IDN,1983,159651335.0,470680076288.0,353.79,2216.014,0.752,253.853,90.843,2.966,0.0,5.757,5.757,347.661,98.371,1.629,0.0
Indonesia,IDN,1984,163251072.0,503305961472.0,389.436,2385.503,0.774,273.572,106.067,3.105,0.0,6.285,6.285,382.745,98.384,1.616,0.0
Indonesia,IDN,1985,166776143.0,515643146240.0,412.985,2476.281,0.801,268.883,125.454,10.467,0.0,7.685,7.685,404.804,98.137,1.863,0.0
Indonesia,IDN,1986,170175010.0,545914224640.0,441.025,2591.6,0.808,275.736,135.299,16.817,0.0,12.374,12.374,427.853,97.189,2.811,0.0
Indonesia,IDN,1987,173511105.0,572867018752.0,465.495,2682.797,0.813,285.61,139.968,26.365,0.0,12.73,12.73,451.944,97.26,2.74,0.0
Indonesia,IDN,1988,176855016.0,605642489856.0,491.403,2778.565,0.811,300.383,148.596,27.54,0.0,13.982,13.982,476.519,97.149,2.851,0.0
Indonesia,IDN,1989,180201584.0,660041629696.0,544.869,3023.665,0.826,318.608,166.359,41.333,0.0,17.444,17.444,526.299,96.792,3.208,0.0
Indonesia,IDN,1990,183501051.0,718548893696.0,600.179,3270.711,0.835,366.263,171.73,39.788,0.0,21.558,21.558,577.781,96.403,3.597,0.0
Indonesia,IDN,1991,186778184.0,786440060928.0,652.938,3495.796,0.83,390.092,197.687,40.266,0.0,23.867,23.867,628.045,96.339,3.661,0.0
Indonesia,IDN,1992,190043693.0,841780428800.0,716.86,3772.082,0.852,420.51,215.596,49.151,0.0,30.186,30.186,685.257,95.781,4.219,0.0
Indonesia,IDN,1993,193305126.0,912702701568.0,763.843,3951.487,0.837,448.465,228.691,57.297,0.0,28.11,28.11,734.453,96.314,3.686,0.0
Indonesia,IDN,1994,196591779.0,986200276992.0,799.647,4067.55,0.811,443.341,270.831,57.317,0.0,27.187,27.187,771.489,96.596,3.404,0.0
Indonesia,IDN,1995,199888001.0,1072204283904.0,870.284,4353.858,0.812,490.82,285.584,63.077,0.0,29.951,29.951,839.482,96.555,3.445,0.0
Indonesia,IDN,1996,203204307.0,1161281404928.0,933.146,4592.159,0.804,527.91,297.305,75.189,0.0,31.834,31.834,900.404,96.585,3.415,0.0
Indonesia,IDN,1997,206536049.0,1221454594048.0,1012.695,4903.237,0.829,584.765,310.114,92.729,0.0,24.82,24.82,987.608,97.549,2.451,0.0
Indonesia,IDN,1998,209826738.0,1066065657856.0,995.569,4744.719,0.934,557.096,298.99,99.512,0.0,39.058,39.058,955.598,96.073,3.927,0.0
Indonesia,IDN,1999,213004610.0,1079382507520.0,1086.986,5103.109,1.007,583.229,324.917,136.964,0.0,41.147,41.147,1045.11,96.212,3.788,0.0
Indonesia,IDN,2000,216077748.0,1138300157952.0,1164.199,5387.87,1.023,637.634,330.052,153.069,0.0,43.048,43.048,1120.755,96.301,3.699,61.83
Indonesia,IDN,2001,219097854.0,1185220919296.0,1246.685,5690.084,1.052,659.754,341.346,194.332,0.0,51.054,51.054,1195.432,95.904,4.096,66.46
Indonesia,IDN,2002,222088455.0,1244249980928.0,1281.019,5768.059,1.03,663.047,371.034,200.456,0.0,46.724,46.724,1234.537,96.353,3.647,72.74
Indonesia,IDN,2003,225047958.0,1309811277824.0,1391.678,6183.917,1.063,683.08,395.582,269.087,0.0,44.486,44.486,1347.749,96.805,3.195,77.07
Indonesia,IDN,2004,227926604.0,1387446403072.0,1376.724,6040.208,0.992,721.008,362.022,247.381,0.0,47.047,47.047,1330.411,96.585,3.415,81.57
Indonesia,IDN,2005,230871600.0,1474875359232.0,1416.892,6137.143,0.961,720.295,363.936,283.749,0.021,49.523,49.523,1367.98,96.506,3.494,86.45
Indonesia,IDN,2006,233951608.0,1565012918272.0,1441.128,6159.938,0.921,693.567,371.114,330.789,0.046,46.632,46.632,1395.47,96.766,3.234,92.2
Indonesia,IDN,2007,237062283.0,1674227351552.0,1546.681,6524.364,0.924,731.705,346.42,417.329,0.205,52.218,52.218,1495.455,96.626,3.374,98.41
Indonesia,IDN,2008,240157845.0,1809491165184.0,1564.584,6514.817,0.865,746.456,396.947,366.071,0.221,56.691,56.691,1509.474,96.38,3.62,101.8
Indonesia,IDN,2009,243219975.0,1905717411840.0,1607.271,6608.301,0.843,750.034,421.008,378.321,1.096,60.13,60.13,1549.363,96.264,3.736,107.59
Indonesia,IDN,2010,246305285.0,2039334567936.0,1739.49,7062.332,0.853,793.82,440.476,429.619,2.039,76.897,76.897,1663.915,95.583,4.417,113.08
Indonesia,IDN,2011,249469983.0,2178184511488.0,1837.594,7365.992,0.844,850.977,427.343,496.266,3.283,65.385,65.385,1774.586,96.446,3.554,128.06
Indonesia,IDN,2012,252698471.0,2309530058752.0,1937.146,7665.838,0.839,894.812,469.776,505.706,6.117,69.376,69.376,1870.294,96.423,3.577,143.66
Indonesia,IDN,2013,255852410.0,2437876809728.0,1824.511,7131.106,0.748,865.009,437.884,440.756,9.582,82.807,82.807,1743.649,95.466,4.534,153.64
Indonesia,IDN,2014,258877350.0,2559933415424.0,1856.634,7171.867,0.725,861.46,441.333,469.07,16.87,87.533,87.533,1771.863,95.292,4.708,164.28
Indonesia,IDN,2015,261799196.0,2684764028928.0,1896.461,7243.953,0.706,822.097,469.23,532.274,8.366,76.045,76.045,1823.601,95.997,4.003,169.39
Indonesia,IDN,2016,264627382.0,2819890085888.0,1884.228,7120.308,0.668,792.951,440.139,544.316,27.504,109.633,109.633,1777.406,94.19,5.81,177.46
Indonesia,IDN,2017,267346608.0,2962852151296.0,2023.711,7569.617,0.683,850.332,499.615,566.109,23.517,111.897,111.897,1916.056,94.482,5.518,183.01
Indonesia,IDN,2018,269951801.0,3116158943232.0,2131.562,7896.083,0.684,877.219,431.071,655.729,34.289,171.458,171.458,1964.019,91.971,8.029,194.13
Indonesia,IDN,2019,272489333.0,3272567947264.0,2253.939,8271.659,0.689,855.103,407.204,801.231,58.482,194.482,194.482,2063.538,91.387,8.613,204.98
Indonesia,IDN,2020,274814825.0,3204972544000.0,2116.31,7700.859,0.66,753.212,376.63,765.38,76.806,225.746,225.746,1895.222,89.356,10.644,199.91
Indonesia,IDN,2021,276758010.0,3323654569984.0,2196.681,7937.189,0.661,786.714,407.759,763.23,84.981,243.844,243.844,1957.702,88.924,11.076,211.67
Indonesia,IDN,2022,278830479.0,3500093472768.0,2749.242,9859.906,0.785,858.073,398.322,1216.511,95.542,281.127,281.127,2472.905,89.792,10.208,225.45
Indonesia,IDN,2023,281190021.0,0.0,2785.135,9904.814,0.0,857.437,434.479,1199.906,112.376,298.421,298.421,2491.822,89.305,10.695,239.26
Indonesia,IDN,2024,283487881.0,0.0,2984.731,10528.603,0.0,878.984,472.717,1311.346,120.655,327.601,327.601,2663.047,89.046,10.954,0.0
Mexico,MEX,1900,13261087.0,24791953408.0,0.0,0.0,0.0,0.0,0.0,0.0,0.0,0.0,0.0,0.0,0.0,0.0,0.0
Mexico,MEX,1901,13411660.0,26918535168.0,0.0,0.0,0.0,0.0,0.0,0.0,0.0,0.0,0.0,0.0,0.0,0.0,0.0
Mexico,MEX,1902,13550290.0,24971583488.0,0.0,0.0,0.0,0.0,0.0,0.0,0.0,0.0,0.0,0.0,0.0,0.0,0.0
Mexico,MEX,1903,13676676.0,27800788992.0,0.0,0.0,0.0,0.0,0.0,0.0,0.0,0.0,0.0,0.0,0.0,0.0,0.0
Mexico,MEX,1904,13804239.0,28302336000.0,0.0,0.0,0.0,0.0,0.0,0.0,0.0,0.0,0.0,0.0,0.0,0.0,0.0
Mexico,MEX,1905,13932988.0,31268251648.0,0.0,0.0,0.0,0.0,0.0,0.0,0.0,0.0,0.0,0.0,0.0,0.0,0.0
Mexico,MEX,1906,14062935.0,30925469696.0,0.0,0.0,0.0,0.0,0.0,0.0,0.0,0.0,0.0,0.0,0.0,0.0,0.0
Mexico,MEX,1907,14194091.0,32756832256.0,0.0,0.0,0.0,0.0,0.0,0.0,0.0,0.0,0.0,0.0,0.0,0.0,0.0
Mexico,MEX,1908,14326467.0,32683708416.0,0.0,0.0,0.0,0.0,0.0,0.0,0.0,0.0,0.0,0.0,0.0,0.0,0.0
Mexico,MEX,1909,14429522.0,33653268480.0,0.0,0.0,0.0,0.0,0.0,0.0,0.0,0.0,0.0,0.0,0.0,0.0,0.0
Mexico,MEX,1910,14503032.0,33600000000.0,0.0,0.0,0.0,0.0,0.0,0.0,0.0,0.0,0.0,0.0,0.0,0.0,0.0
Mexico,MEX,1911,14546769.0,32228499456.0,0.0,0.0,0.0,0.0,0.0,0.0,0.0,0.0,0.0,0.0,0.0,0.0,0.0
Mexico,MEX,1912,14560504.0,31922380800.0,0.0,0.0,0.0,0.0,0.0,0.0,0.0,0.0,0.0,0.0,0.0,0.0,0.0
Mexico,MEX,1913,14544007.0,29999880192.0,0.0,0.0,0.0,0.0,0.0,0.0,0.0,0.0,0.0,0.0,0.0,0.0,0.0
Mexico,MEX,1914,14527526.0,30024720384.0,0.0,0.0,0.0,0.0,0.0,0.0,0.0,0.0,0.0,0.0,0.0,0.0,0.0
Mexico,MEX,1915,14511060.0,29571100672.0,0.0,0.0,0.0,0.0,0.0,0.0,0.0,0.0,0.0,0.0,0.0,0.0,0.0
Mexico,MEX,1916,14494609.0,31822200832.0,0.0,0.0,0.0,0.0,0.0,0.0,0.0,0.0,0.0,0.0,0.0,0.0,0.0
Mexico,MEX,1917,14478175.0,33144600576.0,0.0,0.0,0.0,0.0,0.0,0.0,0.0,0.0,0.0,0.0,0.0,0.0,0.0
Mexico,MEX,1918,14468493.0,34435358720.0,0.0,0.0,0.0,0.0,0.0,0.0,0.0,0.0,0.0,0.0,0.0,0.0,0.0
Mexico,MEX,1919,14502107.0,35769090048.0,0.0,0.0,0.0,0.0,0.0,0.0,0.0,0.0,0.0,0.0,0.0,0.0,0.0
Mexico,MEX,1920,14579605.0,38024798208.0,0.0,0.0,0.0,0.0,0.0,0.0,0.0,0.0,0.0,0.0,0.0,0.0,0.0
Mexico,MEX,1921,14701588.0,37863088128.0,0.0,0.0,0.0,0.0,0.0,0.0,0.0,0.0,0.0,0.0,0.0,0.0,0.0
Mexico,MEX,1922,14868662.0,38760497152.0,0.0,0.0,0.0,0.0,0.0,0.0,0.0,0.0,0.0,0.0,0.0,0.0,0.0
Mexico,MEX,1923,15081445.0,40077135872.0,0.0,0.0,0.0,0.0,0.0,0.0,0.0,0.0,0.0,0.0,0.0,0.0,0.0
Mexico,MEX,1924,15297272.0,39381508096.0,0.0,0.0,0.0,0.0,0.0,0.0,0.0,0.0,0.0,0.0,0.0,0.0,0.0
Mexico,MEX,1925,15516188.0,41854558208.0,0.0,0.0,0.0,0.0,0.0,0.0,0.0,0.0,0.0,0.0,0.0,0.0,0.0
Mexico,MEX,1926,15738237.0,44379869184.0,0.0,0.0,0.0,0.0,0.0,0.0,0.0,0.0,0.0,0.0,0.0,0.0,0.0
Mexico,MEX,1927,15963464.0,42362040320.0,0.0,0.0,0.0,0.0,0.0,0.0,0.0,0.0,0.0,0.0,0.0,0.0,0.0
Mexico,MEX,1928,16191914.0,42612346880.0,0.0,0.0,0.0,0.0,0.0,0.0,0.0,0.0,0.0,0.0,0.0,0.0,0.0
Mexico,MEX,1929,16433663.0,40904998912.0,0.0,0.0,0.0,0.0,0.0,0.0,0.0,0.0,0.0,0.0,0.0,0.0,0.0
Mexico,MEX,1930,16689077.0,38351773696.0,0.0,0.0,0.0,0.0,0.0,0.0,0.0,0.0,0.0,0.0,0.0,0.0,0.0
Mexico,MEX,1931,16958527.0,39644639232.0,0.0,0.0,0.0,0.0,0.0,0.0,0.0,0.0,0.0,0.0,0.0,0.0,0.0
Mexico,MEX,1932,17242393.0,33623099392.0,0.0,0.0,0.0,0.0,0.0,0.0,0.0,0.0,0.0,0.0,0.0,0.0,0.0
Mexico,MEX,1933,17541066.0,37516165120.0,0.0,0.0,0.0,0.0,0.0,0.0,0.0,0.0,0.0,0.0,0.0,0.0,0.0
Mexico,MEX,1934,17844913.0,40136318976.0,0.0,0.0,0.0,0.0,0.0,0.0,0.0,0.0,0.0,0.0,0.0,0.0,0.0
Mexico,MEX,1935,18154022.0,43177517056.0,0.0,0.0,0.0,0.0,0.0,0.0,0.0,0.0,0.0,0.0,0.0,0.0,0.0
Mexico,MEX,1936,18468486.0,46533758976.0,0.0,0.0,0.0,0.0,0.0,0.0,0.0,0.0,0.0,0.0,0.0,0.0,0.0
Mexico,MEX,1937,18788397.0,48076341248.0,0.0,0.0,0.0,0.0,0.0,0.0,0.0,0.0,0.0,0.0,0.0,0.0,0.0
Mexico,MEX,1938,19113850.0,48848695296.0,0.0,0.0,0.0,0.0,0.0,0.0,0.0,0.0,0.0,0.0,0.0,0.0,0.0
Mexico,MEX,1939,19510841.0,51520790528.0,0.0,0.0,0.0,0.0,0.0,0.0,0.0,0.0,0.0,0.0,0.0,0.0,0.0
Mexico,MEX,1940,19982850.0,52206080000.0,0.0,0.0,0.0,0.0,0.0,0.0,0.0,0.0,0.0,0.0,0.0,0.0,0.0
Mexico,MEX,1941,20533490.0,57374789632.0,0.0,0.0,0.0,0.0,0.0,0.0,0.0,0.0,0.0,0.0,0.0,0.0,0.0
Mexico,MEX,1942,21166520.0,60655644672.0,0.0,0.0,0.0,0.0,0.0,0.0,0.0,0.0,0.0,0.0,0.0,0.0,0.0
Mexico,MEX,1943,21885841.0,62923501568.0,0.0,0.0,0.0,0.0,0.0,0.0,0.0,0.0,0.0,0.0,0.0,0.0,0.0
Mexico,MEX,1944,22629608.0,68156530688.0,0.0,0.0,0.0,0.0,0.0,0.0,0.0,0.0,0.0,0.0,0.0,0.0,0.0
Mexico,MEX,1945,23398651.0,71385513984.0,0.0,0.0,0.0,0.0,0.0,0.0,0.0,0.0,0.0,0.0,0.0,0.0,0.0
Mexico,MEX,1946,24193829.0,76266209280.0,0.0,0.0,0.0,0.0,0.0,0.0,0.0,0.0,0.0,0.0,0.0,0.0,0.0
Mexico,MEX,1947,25016030.0,79008686080.0,0.0,0.0,0.0,0.0,0.0,0.0,0.0,0.0,0.0,0.0,0.0,0.0,0.0
Mexico,MEX,1948,25866173.0,82416173056.0,0.0,0.0,0.0,0.0,0.0,0.0,0.0,0.0,0.0,0.0,0.0,0.0,0.0
Mexico,MEX,1949,26727593.0,87151427584.0,0.0,0.0,0.0,0.0,0.0,0.0,0.0,0.0,0.0,0.0,0.0,0.0,0.0
Mexico,MEX,1950,27587893.0,99982983168.0,0.0,0.0,0.0,0.0,0.0,0.0,0.0,0.0,0.0,0.0,0.0,0.0,0.0
Mexico,MEX,1951,28320443.0,107605065728.0,0.0,0.0,0.0,0.0,0.0,0.0,0.0,0.0,0.0,0.0,0.0,0.0,0.0
Mexico,MEX,1952,29090112.0,111714836480.0,0.0,0.0,0.0,0.0,0.0,0.0,0.0,0.0,0.0,0.0,0.0,0.0,0.0
Mexico,MEX,1953,29899194.0,111774670848.0,0.0,0.0,0.0,0.0,0.0,0.0,0.0,0.0,0.0,0.0,0.0,0.0,0.0
Mexico,MEX,1954,30752970.0,123074551808.0,0.0,0.0,0.0,0.0,0.0,0.0,0.0,0.0,0.0,0.0,0.0,0.0,0.0
Mexico,MEX,1955,31650548.0,133695447040.0,0.0,0.0,0.0,0.0,0.0,0.0,0.0,0.0,0.0,0.0,0.0,0.0,0.0
Mexico,MEX,1956,32587890.0,143014019072.0,0.0,0.0,0.0,0.0,0.0,0.0,0.0,0.0,0.0,0.0,0.0,0.0,0.0
Mexico,MEX,1957,33562666.0,154173456384.0,0.0,0.0,0.0,0.0,0.0,0.0,0.0,0.0,0.0,0.0,0.0,0.0,0.0
Mexico,MEX,1958,34575024.0,162674933760.0,0.0,0.0,0.0,0.0,0.0,0.0,0.0,0.0,0.0,0.0,0.0,0.0,0.0
Mexico,MEX,1959,35627215.0,167866105856.0,0.0,0.0,0.0,0.0,0.0,0.0,0.0,0.0,0.0,0.0,0.0,0.0,0.0
Mexico,MEX,1960,36724570.0,182206267392.0,0.0,0.0,0.0,0.0,0.0,0.0,0.0,0.0,0.0,0.0,0.0,0.0,0.0
Mexico,MEX,1961,37890078.0,191492767744.0,0.0,0.0,0.0,0.0,0.0,0.0,0.0,0.0,0.0,0.0,0.0,0.0,0.0
Mexico,MEX,1962,39129158.0,200713961472.0,0.0,0.0,0.0,0.0,0.0,0.0,0.0,0.0,0.0,0.0,0.0,0.0,0.0
Mexico,MEX,1963,40424014.0,217178570752.0,0.0,0.0,0.0,0.0,0.0,0.0,0.0,0.0,0.0,0.0,0.0,0.0,0.0
Mexico,MEX,1964,41771999.0,243167772672.0,0.0,0.0,0.0,0.0,0.0,0.0,0.0,0.0,0.0,0.0,0.0,0.0,0.0
Mexico,MEX,1965,43174422.0,258981953536.0,293.325,6793.958,1.133,178.448,80.647,8.022,0.0,24.619,24.619,267.117,91.561,8.439,0.0
Mexico,MEX,1966,44629058.0,276900085760.0,310.583,6959.214,1.122,186.994,85.113,8.557,0.0,28.106,28.106,280.664,90.898,9.102,0.0
Mexico,MEX,1967,46129565.0,294308773888.0,316.549,6862.181,1.076,200.276,73.197,10.499,0.0,30.603,30.603,283.972,90.272,9.728,0.0
Mexico,MEX,1968,47668254.0,318504960000.0,344.765,7232.583,1.082,217.784,78.592,11.006,0.0,35.117,35.117,307.382,89.747,10.253,0.0
Mexico,MEX,1969,49233144.0,338814337024.0,378.427,7686.435,1.117,230.158,97.471,11.157,0.0,37.239,37.239,338.786,90.097,9.903,0.0
Mexico,MEX,1970,50814905.0,362723639296.0,404.032,7951.05,1.114,247.475,99.675,12.512,0.0,41.681,41.681,359.662,89.615,10.385,0.0
Mexico,MEX,1971,52412508.0,376060510208.0,424.829,8105.491,1.13,262.437,103.595,15.709,0.0,40.478,40.478,381.74,90.413,9.587,0.0
Mexico,MEX,1972,54030117.0,406222012416.0,469.579,8691.068,1.156,295.513,110.78,17.362,0.0,43.142,43.142,423.654,90.758,9.242,0.0
Mexico,MEX,1973,55667239.0,437262843904.0,506.47,9098.165,1.158,316.246,122.746,18.613,0.0,45.978,45.978,457.604,90.87,9.13,0.0
Mexico,MEX,1974,57320096.0,461217267712.0,557.681,9729.238,1.209,357.252,129.147,20.562,0.0,47.858,47.858,506.962,91.374,8.626,0.0
Mexico,MEX,1975,58982349.0,486091849728.0,595.583,10097.641,1.225,394.211,131.39,23.618,0.0,43.791,43.791,549.22,92.615,7.385,0.0
Mexico,MEX,1976,60645471.0,505910525952.0,633.882,10452.257,1.253,434.236,128.855,18.125,0.0,49.74,49.74,581.216,92.117,7.883,0.0
Mexico,MEX,1977,62308451.0,521365323776.0,668.705,10732.172,1.283,448.203,135.999,26.07,0.0,55.164,55.164,610.272,91.71,8.29,0.0
Mexico,MEX,1978,63979005.0,567422156800.0,752.51,11761.824,1.326,504.619,171.059,27.181,0.0,46.916,46.916,702.859,93.743,6.257,0.0
Mexico,MEX,1979,65648810.0,621948436480.0,832.041,12674.12,1.338,541.542,207.655,26.703,0.0,53.207,53.207,775.9,93.583,6.417,0.0
Mexico,MEX,1980,67300289.0,678622134272.0,906.324,13466.86,1.336,603.669,223.017,27.038,0.0,49.832,49.832,853.725,94.485,5.515,0.0
Mexico,MEX,1981,68892067.0,737336098816.0,1002.081,14545.673,1.359,660.861,241.792,23.899,0.0,71.396,71.396,926.551,92.846,7.154,0.0
Mexico,MEX,1982,70433206.0,733602840576.0,1044.314,14827.017,1.424,684.273,259.956,28.621,0.0,67.728,67.728,972.851,93.491,6.509,0.0
Mexico,MEX,1983,71971193.0,708391993344.0,1032.646,14348.051,1.458,666.718,268.198,32.584,0.0,61.82,61.82,967.5,93.994,6.006,0.0
Mexico,MEX,1984,73506802.0,734058577920.0,1080.826,14703.757,1.472,705.731,268.584,32.677,0.0,70.014,70.014,1006.992,93.499,6.501,0.0
Mexico,MEX,1985,75043366.0,751167275008.0,1134.396,15116.541,1.51,734.98,275.279,35.422,0.0,84.093,84.093,1045.681,92.557,7.443,0.0
Mexico,MEX,1986,76585591.0,728181112832.0,1100.674,14371.821,1.512,744.088,244.922,39.057,0.0,69.766,69.766,1028.067,93.645,6.355,0.0
Mexico,MEX,1987,78136597.0,741613830144.0,1136.899,14550.151,1.533,780.321,249.243,37.773,0.0,67.376,67.376,1067.337,94.062,5.938,0.0
Mexico,MEX,1988,79695481.0,751820210176.0,1145.465,14373.02,1.524,778.403,253.596,35.751,0.0,75.134,75.134,1067.749,93.426,6.574,0.0
Mexico,MEX,1989,81247123.0,782981267456.0,1209.829,14890.736,1.545,832.999,247.964,39.573,0.0,85.038,86.071,1120.536,92.867,7.133,0.0
Mexico,MEX,1990,82820134.0,823577477120.0,1319.072,15926.942,1.602,916.386,268.175,39.241,0.0,84.021,92.179,1223.802,92.995,7.005,0.0
Mexico,MEX,1991,84430515.0,865148731392.0,1357.68,16080.441,1.569,941.725,282.361,37.955,0.0,81.083,92.866,1262.041,93.146,6.854,0.0
Mexico,MEX,1992,86044763.0,902108282880.0,1384.109,16085.92,1.534,954.651,282.395,38.383,0.0,94.386,105.272,1275.428,92.375,7.625,0.0
Mexico,MEX,1993,87653764.0,925343285248.0,1385.386,15805.205,1.497,947.339,283.265,43.292,0.0,94.367,108.064,1273.897,92.18,7.82,0.0
Mexico,MEX,1994,89259151.0,972991954944.0,1464.644,16408.895,1.505,1021.431,301.03,52.318,0.0,75.77,87.545,1374.779,94.013,5.987,0.0
Mexico,MEX,1995,90862395.0,916478885888.0,1439.337,15840.847,1.571,950.11,306.902,58.259,0.0,96.741,120.194,1315.271,91.627,8.373,0.0
Mexico,MEX,1996,92452649.0,971219730432.0,1476.888,15974.529,1.521,964.544,312.783,66.8,0.0,106.405,128.289,1344.127,91.287,8.713,0.0
Mexico,MEX,1997,94021166.0,1045710700544.0,1512.699,16088.921,1.447,1006.945,314.374,66.864,0.0,91.663,120.708,1388.183,92.0,8.0,0.0
Mexico,MEX,1998,95575200.0,1105636622336.0,1574.172,16470.502,1.424,1054.369,334.79,68.348,0.0,87.558,113.294,1457.507,92.787,7.213,0.0
Mexico,MEX,1999,97115654.0,1156619567104.0,1597.302,16447.424,1.381,1047.314,337.909,69.548,0.0,109.872,137.655,1454.77,91.356,8.644,0.0
Mexico,MEX,2000,98625515.0,1241194692608.0,1696.177,17198.16,1.367,1120.538,359.133,76.187,0.908,112.726,135.562,1555.858,91.985,8.015,106.98
Mexico,MEX,2001,100099057.0,1251502718976.0,1680.273,16786.1,1.343,1107.69,361.905,83.674,0.925,99.071,123.176,1553.269,92.653,7.347,114.34
Mexico,MEX,2002,101548570.0,1275457961984.0,1721.102,16948.561,1.349,1052.222,410.688,140.106,0.867,88.033,114.736,1603.016,93.321,6.679,119.39
Mexico,MEX,2003,102978472.0,1306677477376.0,1741.966,16915.822,1.333,1086.206,445.094,103.318,0.856,76.741,105.355,1634.618,93.945,6.055,128.23
Mexico,MEX,2004,104394075.0,1373060333568.0,1843.897,17662.854,1.343,1138.656,480.219,105.72,0.873,91.874,116.79,1724.594,93.658,6.342,130.39
Mexico,MEX,2005,105811451.0,1427140378624.0,2020.163,19092.105,1.416,1226.796,527.123,133.43,0.97,100.962,130.008,1887.348,93.556,6.444,137.83
Mexico,MEX,2006,107253625.0,1510732333056.0,2049.435,19108.309,1.357,1185.092,582.883,143.198,0.99,105.942,134.996,1911.173,93.402,6.598,140.12
Mexico,MEX,2007,108774308.0,1572479303680.0,2068.578,19017.152,1.315,1236.532,570.414,131.584,0.95,100.126,127.841,1938.53,93.813,6.187,145.9
Mexico,MEX,2008,110374235.0,1607479066624.0,2153.625,19512.029,1.34,1275.995,599.966,117.545,0.983,129.874,155.742,1993.506,92.754,7.246,140.58
Mexico,MEX,2009,111999662.0,1543820935168.0,2117.244,18904.02,1.371,1219.6,651.688,119.746,1.061,96.418,123.98,1991.035,94.138,5.862,148.36
Mexico,MEX,2010,113623858.0,1638271418368.0,2125.454,18706.051,1.297,1171.315,660.445,148.119,1.111,126.283,141.594,1979.88,93.326,6.674,149.34
Mexico,MEX,2011,115243459.0,1716088340480.0,2221.887,19279.938,1.295,1188.146,708.085,171.327,1.026,124.256,150.393,2067.558,93.219,6.781,157.7
Mexico,MEX,2012,116818153.0,1774999961600.0,2241.891,19191.287,1.263,1213.666,736.538,149.266,1.19,116.248,138.85,2099.469,93.797,6.203,163.09
Mexico,MEX,2013,118343517.0,1803059331072.0,2242.857,18952.094,1.244,1175.109,777.951,148.227,1.188,108.269,138.448,2101.287,93.819,6.181,162.47
Mexico,MEX,2014,119784217.0,1854551097344.0,2230.574,18621.6,1.203,1121.491,788.484,147.939,1.837,143.018,167.642,2057.915,92.467,7.533,159.43
Mexico,MEX,2015,121072270.0,1916008792064.0,2205.421,18215.742,1.151,1087.805,807.829,147.65,1.954,129.053,158.362,2043.285,92.807,7.193,165.7
Mexico,MEX,2016,122251299.0,1961906667520.0,2276.179,18618.855,1.16,1117.682,853.081,144.633,2.07,130.223,156.774,2115.396,93.1,6.9,172.22
Mexico,MEX,2017,123400004.0,2007719477248.0,2329.706,18879.305,1.16,1090.648,896.777,176.753,2.187,134.188,161.395,2164.178,93.06,6.94,175.63
Mexico,MEX,2018,124573671.0,2051539206144.0,2284.338,18337.248,1.113,1021.472,921.797,157.545,2.441,144.553,178.271,2100.814,92.178,7.822,183.0
Mexico,MEX,2019,125762928.0,2047701155840.0,2260.167,17971.646,1.104,974.052,952.647,150.415,2.696,149.725,177.422,2077.113,92.13,7.87,181.15
Mexico,MEX,2020,126798998.0,1880176590848.0,2070.562,16329.48,1.101,838.945,951.093,66.491,2.95,178.82,206.42,1856.528,89.994,10.006,158.61
Mexico,MEX,2021,127648107.0,1973140979712.0,2198.545,17223.484,1.114,956.651,939.039,55.126,2.539,208.781,238.148,1950.815,89.121,10.879,152.26
Mexico,MEX,2022,128613066.0,2033437638656.0,2296.863,17858.705,1.13,1048.408,933.249,67.837,2.723,211.437,238.095,2049.494,89.592,10.408,160.75
Mexico,MEX,2023,129739713.0,0.0,2294.144,17682.668,0.0,991.904,1005.17,77.305,2.809,181.211,211.421,2074.38,90.751,9.249,174.71
Mexico,MEX,2024,130860954.0,0.0,2310.191,17653.783,0.0,1000.66,1002.545,78.433,2.823,189.901,219.917,2081.638,90.445,9.555,175.16
Nigeria,NGA,1900,18664170.0,0.0,0.0,0.0,0.0,0.0,0.0,0.0,0.0,0.0,0.0,0.0,0.0,0.0,0.0
Nigeria,NGA,1901,18832279.0,0.0,0.0,0.0,0.0,0.0,0.0,0.0,0.0,0.0,0.0,0.0,0.0,0.0,0.0
Nigeria,NGA,1902,19015081.0,0.0,0.0,0.0,0.0,0.0,0.0,0.0,0.0,0.0,0.0,0.0,0.0,0.0,0.0
Nigeria,NGA,1903,19212834.0,0.0,0.0,0.0,0.0,0.0,0.0,0.0,0.0,0.0,0.0,0.0,0.0,0.0,0.0
Nigeria,NGA,1904,19412612.0,0.0,0.0,0.0,0.0,0.0,0.0,0.0,0.0,0.0,0.0,0.0,0.0,0.0,0.0
Nigeria,NGA,1905,19614436.0,0.0,0.0,0.0,0.0,0.0,0.0,0.0,0.0,0.0,0.0,0.0,0.0,0.0,0.0
Nigeria,NGA,1906,19818325.0,0.0,0.0,0.0,0.0,0.0,0.0,0.0,0.0,0.0,0.0,0.0,0.0,0.0,0.0
Nigeria,NGA,1907,20024302.0,0.0,0.0,0.0,0.0,0.0,0.0,0.0,0.0,0.0,0.0,0.0,0.0,0.0,0.0
Nigeria,NGA,1908,20232386.0,0.0,0.0,0.0,0.0,0.0,0.0,0.0,0.0,0.0,0.0,0.0,0.0,0.0,0.0
Nigeria,NGA,1909,20442936.0,0.0,0.0,0.0,0.0,0.0,0.0,0.0,0.0,0.0,0.0,0.0,0.0,0.0,0.0
Nigeria,NGA,1910,20655981.0,0.0,0.0,0.0,0.0,0.0,0.0,0.0,0.0,0.0,0.0,0.0,0.0,0.0,0.0
Nigeria,NGA,1911,20871550.0,0.0,0.0,0.0,0.0,0.0,0.0,0.0,0.0,0.0,0.0,0.0,0.0,0.0,0.0
Nigeria,NGA,1912,21089672.0,0.0,0.0,0.0,0.0,0.0,0.0,0.0,0.0,0.0,0.0,0.0,0.0,0.0,0.0
Nigeria,NGA,1913,21310378.0,0.0,0.0,0.0,0.0,0.0,0.0,0.0,0.0,0.0,0.0,0.0,0.0,0.0,0.0
Nigeria,NGA,1914,21533359.0,0.0,0.0,0.0,0.0,0.0,0.0,0.0,0.0,0.0,0.0,0.0,0.0,0.0,0.0
Nigeria,NGA,1915,21758639.0,0.0,0.0,0.0,0.0,0.0,0.0,0.0,0.0,0.0,0.0,0.0,0.0,0.0,0.0
Nigeria,NGA,1916,21986241.0,0.0,0.0,0.0,0.0,0.0,0.0,0.0,0.0,0.0,0.0,0.0,0.0,0.0,0.0
Nigeria,NGA,1917,22216188.0,0.0,0.0,0.0,0.0,0.0,0.0,0.0,0.0,0.0,0.0,0.0,0.0,0.0,0.0
Nigeria,NGA,1918,22420351.0,0.0,0.0,0.0,0.0,0.0,0.0,0.0,0.0,0.0,0.0,0.0,0.0,0.0,0.0
Nigeria,NGA,1919,22657217.0,0.0,0.0,0.0,0.0,0.0,0.0,0.0,0.0,0.0,0.0,0.0,0.0,0.0,0.0
Nigeria,NGA,1920,22927580.0,0.0,0.0,0.0,0.0,0.0,0.0,0.0,0.0,0.0,0.0,0.0,0.0,0.0,0.0
Nigeria,NGA,1921,23232246.0,0.0,0.0,0.0,0.0,0.0,0.0,0.0,0.0,0.0,0.0,0.0,0.0,0.0,0.0
Nigeria,NGA,1922,23572038.0,0.0,0.0,0.0,0.0,0.0,0.0,0.0,0.0,0.0,0.0,0.0,0.0,0.0,0.0
Nigeria,NGA,1923,23947794.0,0.0,0.0,0.0,0.0,0.0,0.0,0.0,0.0,0.0,0.0,0.0,0.0,0.0,0.0
Nigeria,NGA,1924,24329539.0,0.0,0.0,0.0,0.0,0.0,0.0,0.0,0.0,0.0,0.0,0.0,0.0,0.0,0.0
Nigeria,NGA,1925,24717370.0,0.0,0.0,0.0,0.0,0.0,0.0,0.0,0.0,0.0,0.0,0.0,0.0,0.0,0.0
Nigeria,NGA,1926,25111383.0,0.0,0.0,0.0,0.0,0.0,0.0,0.0,0.0,0.0,0.0,0.0,0.0,0.0,0.0
Nigeria,NGA,1927,25511677.0,0.0,0.0,0.0,0.0,0.0,0.0,0.0,0.0,0.0,0.0,0.0,0.0,0.0,0.0
Nigeria,NGA,1928,25918352.0,0.0,0.0,0.0,0.0,0.0,0.0,0.0,0.0,0.0,0.0,0.0,0.0,0.0,0.0
Nigeria,NGA,1929,26326182.0,0.0,0.0,0.0,0.0,0.0,0.0,0.0,0.0,0.0,0.0,0.0,0.0,0.0,0.0
Nigeria,NGA,1930,26735105.0,0.0,0.0,0.0,0.0,0.0,0.0,0.0,0.0,0.0,0.0,0.0,0.0,0.0,0.0
Nigeria,NGA,1931,27145057.0,0.0,0.0,0.0,0.0,0.0,0.0,0.0,0.0,0.0,0.0,0.0,0.0,0.0,0.0
Nigeria,NGA,1932,27555974.0,0.0,0.0,0.0,0.0,0.0,0.0,0.0,0.0,0.0,0.0,0.0,0.0,0.0,0.0
Nigeria,NGA,1933,27967788.0,0.0,0.0,0.0,0.0,0.0,0.0,0.0,0.0,0.0,0.0,0.0,0.0,0.0,0.0
Nigeria,NGA,1934,28385755.0,0.0,0.0,0.0,0.0,0.0,0.0,0.0,0.0,0.0,0.0,0.0,0.0,0.0,0.0
Nigeria,NGA,1935,28809970.0,0.0,0.0,0.0,0.0,0.0,0.0,0.0,0.0,0.0,0.0,0.0,0.0,0.0,0.0
Nigeria,NGA,1936,29240524.0,0.0,0.0,0.0,0.0,0.0,0.0,0.0,0.0,0.0,0.0,0.0,0.0,0.0,0.0
Nigeria,NGA,1937,29677512.0,0.0,0.0,0.0,0.0,0.0,0.0,0.0,0.0,0.0,0.0,0.0,0.0,0.0,0.0
Nigeria,NGA,1938,30121031.0,0.0,0.0,0.0,0.0,0.0,0.0,0.0,0.0,0.0,0.0,0.0,0.0,0.0,0.0
Nigeria,NGA,1939,30590134.0,0.0,0.0,0.0,0.0,0.0,0.0,0.0,0.0,0.0,0.0,0.0,0.0,0.0,0.0
Nigeria,NGA,1940,31085546.0,0.0,0.0,0.0,0.0,0.0,0.0,0.0,0.0,0.0,0.0,0.0,0.0,0.0,0.0
Nigeria,NGA,1941,31608007.0,0.0,0.0,0.0,0.0,0.0,0.0,0.0,0.0,0.0,0.0,0.0,0.0,0.0,0.0
Nigeria,NGA,1942,32158274.0,0.0,0.0,0.0,0.0,0.0,0.0,0.0,0.0,0.0,0.0,0.0,0.0,0.0,0.0
Nigeria,NGA,1943,32737123.0,0.0,0.0,0.0,0.0,0.0,0.0,0.0,0.0,0.0,0.0,0.0,0.0,0.0,0.0
Nigeria,NGA,1944,33326391.0,0.0,0.0,0.0,0.0,0.0,0.0,0.0,0.0,0.0,0.0,0.0,0.0,0.0,0.0
Nigeria,NGA,1945,33926266.0,0.0,0.0,0.0,0.0,0.0,0.0,0.0,0.0,0.0,0.0,0.0,0.0,0.0,0.0
Nigeria,NGA,1946,34536939.0,0.0,0.0,0.0,0.0,0.0,0.0,0.0,0.0,0.0,0.0,0.0,0.0,0.0,0.0
Nigeria,NGA,1947,35158604.0,0.0,0.0,0.0,0.0,0.0,0.0,0.0,0.0,0.0,0.0,0.0,0.0,0.0,0.0
Nigeria,NGA,1948,35791459.0,0.0,0.0,0.0,0.0,0.0,0.0,0.0,0.0,0.0,0.0,0.0,0.0,0.0,0.0
Nigeria,NGA,1949,36467880.0,0.0,0.0,0.0,0.0,0.0,0.0,0.0,0.0,0.0,0.0,0.0,0.0,0.0,0.0
Nigeria,NGA,1950,37282970.0,38156328960.0,0.0,0.0,0.0,0.0,0.0,0.0,0.0,0.0,0.0,0.0,0.0,0.0,0.0
Nigeria,NGA,1951,37994042.0,41005015040.0,0.0,0.0,0.0,0.0,0.0,0.0,0.0,0.0,0.0,0.0,0.0,0.0,0.0
Nigeria,NGA,1952,38716155.0,43933847552.0,0.0,0.0,0.0,0.0,0.0,0.0,0.0,0.0,0.0,0.0,0.0,0.0,0.0
Nigeria,NGA,1953,39439763.0,44976594944.0,0.0,0.0,0.0,0.0,0.0,0.0,0.0,0.0,0.0,0.0,0.0,0.0,0.0
Nigeria,NGA,1954,40176276.0,48277909504.0,0.0,0.0,0.0,0.0,0.0,0.0,0.0,0.0,0.0,0.0,0.0,0.0,0.0
Nigeria,NGA,1955,40935586.0,49579610112.0,0.0,0.0,0.0,0.0,0.0,0.0,0.0,0.0,0.0,0.0,0.0,0.0,0.0
Nigeria,NGA,1956,41716017.0,48439816192.0,0.0,0.0,0.0,0.0,0.0,0.0,0.0,0.0,0.0,0.0,0.0,0.0,0.0
Nigeria,NGA,1957,42517429.0,50392809472.0,0.0,0.0,0.0,0.0,0.0,0.0,0.0,0.0,0.0,0.0,0.0,0.0,0.0
Nigeria,NGA,1958,43324607.0,49793912832.0,0.0,0.0,0.0,0.0,0.0,0.0,0.0,0.0,0.0,0.0,0.0,0.0,0.0
Nigeria,NGA,1959,44161639.0,51983650816.0,0.0,0.0,0.0,0.0,0.0,0.0,0.0,0.0,0.0,0.0,0.0,0.0,0.0
Nigeria,NGA,1960,45053744.0,54302556160.0,0.0,0.0,0.0,0.0,0.0,0.0,0.0,0.0,0.0,0.0,0.0,0.0,0.0
Nigeria,NGA,1961,45989253.0,56159043584.0,0.0,0.0,0.0,0.0,0.0,0.0,0.0,0.0,0.0,0.0,0.0,0.0,0.0
Nigeria,NGA,1962,46965250.0,59400802304.0,0.0,0.0,0.0,0.0,0.0,0.0,0.0,0.0,0.0,0.0,0.0,0.0,0.0
Nigeria,NGA,1963,47973529.0,64962502656.0,0.0,0.0,0.0,0.0,0.0,0.0,0.0,0.0,0.0,0.0,0.0,0.0,0.0
Nigeria,NGA,1964,49011970.0,67726024704.0,0.0,0.0,0.0,0.0,0.0,0.0,0.0,0.0,0.0,0.0,0.0,0.0,0.0
Nigeria,NGA,1965,50086713.0,72336375808.0,0.0,0.0,0.0,0.0,0.0,0.0,0.0,0.0,0.0,0.0,0.0,0.0,0.0
Nigeria,NGA,1966,51188187.0,69980471296.0,0.0,0.0,0.0,0.0,0.0,0.0,0.0,0.0,0.0,0.0,0.0,0.0,0.0
Nigeria,NGA,1967,52293020.0,59100389376.0,0.0,0.0,0.0,0.0,0.0,0.0,0.0,0.0,0.0,0.0,0.0,0.0,0.0
Nigeria,NGA,1968,53432740.0,58423795712.0,0.0,0.0,0.0,0.0,0.0,0.0,0.0,0.0,0.0,0.0,0.0,0.0,0.0
Nigeria,NGA,1969,54631864.0,74074341376.0,0.0,0.0,0.0,0.0,0.0,0.0,0.0,0.0,0.0,0.0,0.0,0.0,0.0
Nigeria,NGA,1970,55893785.0,96941350912.0,0.0,0.0,0.0,0.0,0.0,0.0,0.0,0.0,0.0,0.0,0.0,0.0,0.0
Nigeria,NGA,1971,57214640.0,108401614848.0,0.0,0.0,0.0,0.0,0.0,0.0,0.0,0.0,0.0,0.0,0.0,0.0,0.0
Nigeria,NGA,1972,58601694.0,112459767808.0,0.0,0.0,0.0,0.0,0.0,0.0,0.0,0.0,0.0,0.0,0.0,0.0,0.0
Nigeria,NGA,1973,60082083.0,122133184512.0,0.0,0.0,0.0,0.0,0.0,0.0,0.0,0.0,0.0,0.0,0.0,0.0,0.0
Nigeria,NGA,1974,61679098.0,136239153152.0,0.0,0.0,0.0,0.0,0.0,0.0,0.0,0.0,0.0,0.0,0.0,0.0,0.0
Nigeria,NGA,1975,63410772.0,132128497664.0,0.0,0.0,0.0,0.0,0.0,0.0,0.0,0.0,0.0,0.0,0.0,0.0,0.0
Nigeria,NGA,1976,65257954.0,146595528704.0,0.0,0.0,0.0,0.0,0.0,0.0,0.0,0.0,0.0,0.0,0.0,0.0,0.0
Nigeria,NGA,1977,67234543.0,151894999040.0,0.0,0.0,0.0,0.0,0.0,0.0,0.0,0.0,0.0,0.0,0.0,0.0,0.0
Nigeria,NGA,1978,69326475.0,142940438528.0,0.0,0.0,0.0,0.0,0.0,0.0,0.0,0.0,0.0,0.0,0.0,0.0,0.0
Nigeria,NGA,1979,71498201.0,152725880832.0,0.0,0.0,0.0,0.0,0.0,0.0,0.0,0.0,0.0,0.0,0.0,0.0,0.0
Nigeria,NGA,1980,73764600.0,155628240896.0,116.958,1585.56,0.752,0.0,0.0,0.0,0.0,0.0,0.0,0.0,0.0,0.0,0.0
Nigeria,NGA,1981,76068070.0,143112470528.0,146.008,1919.434,1.02,0.0,0.0,0.0,0.0,0.0,0.0,0.0,0.0,0.0,0.0
Nigeria,NGA,1982,78378654.0,141847576576.0,146.897,1874.199,1.036,0.0,0.0,0.0,0.0,0.0,0.0,0.0,0.0,0.0,0.0
Nigeria,NGA,1983,80438209.0,132378066944.0,148.012,1840.074,1.118,0.0,0.0,0.0,0.0,0.0,0.0,0.0,0.0,0.0,0.0
Nigeria,NGA,1984,82526396.0,126319984640.0,158.72,1923.263,1.256,0.0,0.0,0.0,0.0,0.0,0.0,0.0,0.0,0.0,0.0
Nigeria,NGA,1985,84897926.0,137605677056.0,169.307,1994.242,1.23,0.0,0.0,0.0,0.0,0.0,0.0,0.0,0.0,0.0,0.0
Nigeria,NGA,1986,87235909.0,140218499072.0,164.139,1881.552,1.171,0.0,0.0,0.0,0.0,0.0,0.0,0.0,0.0,0.0,0.0
Nigeria,NGA,1987,89591667.0,139114201088.0,174.518,1947.923,1.254,0.0,0.0,0.0,0.0,0.0,0.0,0.0,0.0,0.0,0.0
Nigeria,NGA,1988,92020036.0,152964628480.0,186.259,2024.112,1.218,0.0,0.0,0.0,0.0,0.0,0.0,0.0,0.0,0.0,0.0
Nigeria,NGA,1989,94530966.0,162802040832.0,201.942,2136.254,1.24,0.0,0.0,0.0,0.0,0.0,0.0,0.0,0.0,0.0,0.0
Nigeria,NGA,1990,97120870.0,171278467072.0,195.42,2012.135,1.141,0.0,0.0,0.0,0.0,0.0,0.0,0.0,0.0,0.0,0.0
Nigeria,NGA,1991,99720103.0,174067597312.0,212.529,2131.259,1.221,0.0,0.0,0.0,0.0,0.0,0.0,0.0,0.0,0.0,0.0
Nigeria,NGA,1992,102372727.0,181866348544.0,218.113,2130.578,1.199,0.0,0.0,0.0,0.0,0.0,0.0,0.0,0.0,0.0,0.0
Nigeria,NGA,1993,105122021.0,188893708288.0,222.645,2117.969,1.179,0.0,0.0,0.0,0.0,0.0,0.0,0.0,0.0,0.0,0.0
Nigeria,NGA,1994,107935674.0,193990901760.0,206.853,1916.444,1.066,0.0,0.0,0.0,0.0,0.0,0.0,0.0,0.0,0.0,0.0
Nigeria,NGA,1995,110819373.0,202397614080.0,231.431,2088.362,1.143,0.0,0.0,0.0,0.0,0.0,0.0,0.0,0.0,0.0,0.0
Nigeria,NGA,1996,113754733.0,215950344192.0,237.369,2086.674,1.099,0.0,0.0,0.0,0.0,0.0,0.0,0.0,0.0,0.0,0.0
Nigeria,NGA,1997,116754744.0,227883171840.0,237.488,2034.073,1.042,0.0,0.0,0.0,0.0,0.0,0.0,0.0,0.0,0.0,0.0
Nigeria,NGA,1998,119846212.0,239844507648.0,226.951,1893.687,0.946,0.0,0.0,0.0,0.0,0.0,0.0,0.0,0.0,0.0,0.0
Nigeria,NGA,1999,123047266.0,247535173632.0,227.026,1845.028,0.917,0.0,0.0,0.0,0.0,0.0,0.0,0.0,0.0,0.0,0.0
Nigeria,NGA,2000,126382435.0,268133056512.0,215.365,1704.076,0.803,0.0,0.0,0.0,0.0,0.0,0.0,0.0,0.0,0.0,6.07
Nigeria,NGA,2001,129862540.0,293371707392.0,244.256,1880.878,0.833,0.0,0.0,0.0,0.0,0.0,0.0,0.0,0.0,0.0,6.37
Nigeria,NGA,2002,133471947.0,344836472832.0,250.952,1880.187,0.728,0.0,0.0,0.0,0.0,0.0,0.0,0.0,0.0,0.0,8.88
Nigeria,NGA,2003,137202602.0,387284205568.0,267.13,1946.972,0.69,0.0,0.0,0.0,0.0,0.0,0.0,0.0,0.0,0.0,8.49
Nigeria,NGA,2004,141056995.0,438814834688.0,276.614,1961.008,0.63,0.0,0.0,0.0,0.0,0.0,0.0,0.0,0.0,0.0,10.74
Nigeria,NGA,2005,145017214.0,481797603328.0,304.852,2102.18,0.633,0.0,0.0,0.0,0.0,0.0,0.0,0.0,0.0,0.0,10.47
Nigeria,NGA,2006,149077277.0,527631745024.0,274.024,1838.131,0.519,0.0,0.0,0.0,0.0,0.0,0.0,0.0,0.0,0.0,11.14
Nigeria,NGA,2007,153267204.0,581001478144.0,251.889,1643.462,0.434,0.0,0.0,0.0,0.0,0.0,0.0,0.0,0.0,0.0,11.08
Nigeria,NGA,2008,157594969.0,638908039168.0,310.307,1969.014,0.486,0.0,0.0,0.0,0.0,0.0,0.0,0.0,0.0,0.0,10.18
Nigeria,NGA,2009,162049411.0,709931171840.0,196.343,1211.625,0.277,0.0,0.0,0.0,0.0,0.0,0.0,0.0,0.0,0.0,10.06
Nigeria,NGA,2010,166642835.0,809999400960.0,240.845,1445.279,0.297,0.0,0.0,0.0,0.0,0.0,0.0,0.0,0.0,0.0,13.04
Nigeria,NGA,2011,171379551.0,871103791104.0,346.692,2022.948,0.398,0.0,0.0,0.0,0.0,0.0,0.0,0.0,0.0,0.0,13.94
Nigeria,NGA,2012,176200571.0,908380667904.0,350.17,1987.339,0.385,0.0,0.0,0.0,0.0,0.0,0.0,0.0,0.0,0.0,15.17
Nigeria,NGA,2013,181049400.0,957382656000.0,453.333,2503.916,0.474,0.0,0.0,0.0,0.0,0.0,0.0,0.0,0.0,0.0,15.5
Nigeria,NGA,2014,185896872.0,1017790726144.0,494.192,2658.423,0.486,0.0,0.0,0.0,0.0,0.0,0.0,0.0,0.0,0.0,17.67
Nigeria,NGA,2015,190671830.0,1044789592064.0,468.837,2458.866,0.449,0.0,0.0,0.0,0.0,0.0,0.0,0.0,0.0,0.0,17.57
Nigeria,NGA,2016,195443641.0,1027896705024.0,475.244,2431.617,0.462,0.0,0.0,0.0,0.0,0.0,0.0,0.0,0.0,0.0,18.68
Nigeria,NGA,2017,200254534.0,1036180389888.0,460.025,2297.201,0.444,0.0,0.0,0.0,0.0,0.0,0.0,0.0,0.0,0.0,16.12
Nigeria,NGA,2018,204938703.0,1056103596032.0,491.568,2398.611,0.465,0.0,0.0,0.0,0.0,0.0,0.0,0.0,0.0,0.0,19.07
Nigeria,NGA,2019,209485583.0,1079426875392.0,514.787,2457.389,0.477,0.0,0.0,0.0,0.0,0.0,0.0,0.0,0.0,0.0,18.44
Nigeria,NGA,2020,213996143.0,1060059217920.0,475.403,2221.549,0.448,0.0,0.0,0.0,0.0,0.0,0.0,0.0,0.0,0.0,19.89
Nigeria,NGA,2021,218529237.0,1098721591296.0,512.507,2345.254,0.466,0.0,0.0,0.0,0.0,0.0,0.0,0.0,0.0,0.0,20.49
Nigeria,NGA,2022,223150851.0,1134448607232.0,517.687,2319.897,0.456,0.0,0.0,0.0,0.0,0.0,0.0,0.0,0.0,0.0,18.9
Nigeria,NGA,2023,227882899.0,0.0,533.847,2342.639,0.0,0.0,0.0,0.0,0.0,0.0,0.0,0.0,0.0,0.0,21.63
Nigeria,NGA,2024,232679436.0,0.0,0.0,0.0,0.0,0.0,0.0,0.0,0.0,0.0,0.0,0.0,0.0,0.0,20.38
South Africa,ZAF,1900,5163858.0,0.0,0.0,0.0,0.0,0.0,0.0,0.0,0.0,0.0,0.0,0.0,0.0,0.0,0.0
South Africa,ZAF,1901,5239436.0,0.0,0.0,0.0,0.0,0.0,0.0,0.0,0.0,0.0,0.0,0.0,0.0,0.0,0.0
South Africa,ZAF,1902,5322703.0,0.0,0.0,0.0,0.0,0.0,0.0,0.0,0.0,0.0,0.0,0.0,0.0,0.0,0.0
South Africa,ZAF,1903,5413866.0,0.0,0.0,0.0,0.0,0.0,0.0,0.0,0.0,0.0,0.0,0.0,0.0,0.0,0.0
South Africa,ZAF,1904,5506587.0,0.0,0.0,0.0,0.0,0.0,0.0,0.0,0.0,0.0,0.0,0.0,0.0,0.0,0.0
South Africa,ZAF,1905,5600893.0,0.0,0.0,0.0,0.0,0.0,0.0,0.0,0.0,0.0,0.0,0.0,0.0,0.0,0.0
South Africa,ZAF,1906,5696812.0,0.0,0.0,0.0,0.0,0.0,0.0,0.0,0.0,0.0,0.0,0.0,0.0,0.0,0.0
South Africa,ZAF,1907,5794372.0,0.0,0.0,0.0,0.0,0.0,0.0,0.0,0.0,0.0,0.0,0.0,0.0,0.0,0.0
South Africa,ZAF,1908,5893599.0,0.0,0.0,0.0,0.0,0.0,0.0,0.0,0.0,0.0,0.0,0.0,0.0,0.0,0.0
South Africa,ZAF,1909,5993374.0,0.0,0.0,0.0,0.0,0.0,0.0,0.0,0.0,0.0,0.0,0.0,0.0,0.0,0.0
South Africa,ZAF,1910,6093688.0,0.0,0.0,0.0,0.0,0.0,0.0,0.0,0.0,0.0,0.0,0.0,0.0,0.0,0.0
South Africa,ZAF,1911,6194530.0,0.0,0.0,0.0,0.0,0.0,0.0,0.0,0.0,0.0,0.0,0.0,0.0,0.0,0.0
South Africa,ZAF,1912,6295888.0,0.0,0.0,0.0,0.0,0.0,0.0,0.0,0.0,0.0,0.0,0.0,0.0,0.0,0.0
South Africa,ZAF,1913,6397751.0,0.0,0.0,0.0,0.0,0.0,0.0,0.0,0.0,0.0,0.0,0.0,0.0,0.0,0.0
South Africa,ZAF,1914,6501260.0,0.0,0.0,0.0,0.0,0.0,0.0,0.0,0.0,0.0,0.0,0.0,0.0,0.0,0.0
South Africa,ZAF,1915,6606440.0,0.0,0.0,0.0,0.0,0.0,0.0,0.0,0.0,0.0,0.0,0.0,0.0,0.0,0.0
South Africa,ZAF,1916,6713319.0,0.0,0.0,0.0,0.0,0.0,0.0,0.0,0.0,0.0,0.0,0.0,0.0,0.0,0.0
South Africa,ZAF,1917,6821924.0,0.0,0.0,0.0,0.0,0.0,0.0,0.0,0.0,0.0,0.0,0.0,0.0,0.0,0.0
South Africa,ZAF,1918,6927689.0,0.0,0.0,0.0,0.0,0.0,0.0,0.0,0.0,0.0,0.0,0.0,0.0,0.0,0.0
South Africa,ZAF,1919,7042968.0,0.0,0.0,0.0,0.0,0.0,0.0,0.0,0.0,0.0,0.0,0.0,0.0,0.0,0.0
South Africa,ZAF,1920,7168076.0,0.0,0.0,0.0,0.0,0.0,0.0,0.0,0.0,0.0,0.0,0.0,0.0,0.0,0.0
South Africa,ZAF,1921,7303334.0,0.0,0.0,0.0,0.0,0.0,0.0,0.0,0.0,0.0,0.0,0.0,0.0,0.0,0.0
South Africa,ZAF,1922,7449070.0,0.0,0.0,0.0,0.0,0.0,0.0,0.0,0.0,0.0,0.0,0.0,0.0,0.0,0.0
South Africa,ZAF,1923,7605625.0,0.0,0.0,0.0,0.0,0.0,0.0,0.0,0.0,0.0,0.0,0.0,0.0,0.0,0.0
South Africa,ZAF,1924,7765470.0,0.0,0.0,0.0,0.0,0.0,0.0,0.0,0.0,0.0,0.0,0.0,0.0,0.0,0.0
South Africa,ZAF,1925,7928675.0,0.0,0.0,0.0,0.0,0.0,0.0,0.0,0.0,0.0,0.0,0.0,0.0,0.0,0.0
South Africa,ZAF,1926,8095309.0,0.0,0.0,0.0,0.0,0.0,0.0,0.0,0.0,0.0,0.0,0.0,0.0,0.0,0.0
South Africa,ZAF,1927,8265446.0,0.0,0.0,0.0,0.0,0.0,0.0,0.0,0.0,0.0,0.0,0.0,0.0,0.0,0.0
South Africa,ZAF,1928,8439158.0,0.0,0.0,0.0,0.0,0.0,0.0,0.0,0.0,0.0,0.0,0.0,0.0,0.0,0.0
South Africa,ZAF,1929,8615057.0,0.0,0.0,0.0,0.0,0.0,0.0,0.0,0.0,0.0,0.0,0.0,0.0,0.0,0.0
South Africa,ZAF,1930,8793161.0,0.0,0.0,0.0,0.0,0.0,0.0,0.0,0.0,0.0,0.0,0.0,0.0,0.0,0.0
South Africa,ZAF,1931,8973484.0,0.0,0.0,0.0,0.0,0.0,0.0,0.0,0.0,0.0,0.0,0.0,0.0,0.0,0.0
South Africa,ZAF,1932,9156043.0,0.0,0.0,0.0,0.0,0.0,0.0,0.0,0.0,0.0,0.0,0.0,0.0,0.0,0.0
South Africa,ZAF,1933,9340853.0,0.0,0.0,0.0,0.0,0.0,0.0,0.0,0.0,0.0,0.0,0.0,0.0,0.0,0.0
South Africa,ZAF,1934,9529394.0,0.0,0.0,0.0,0.0,0.0,0.0,0.0,0.0,0.0,0.0,0.0,0.0,0.0,0.0
South Africa,ZAF,1935,9721741.0,0.0,0.0,0.0,0.0,0.0,0.0,0.0,0.0,0.0,0.0,0.0,0.0,0.0,0.0
South Africa,ZAF,1936,9917969.0,0.0,0.0,0.0,0.0,0.0,0.0,0.0,0.0,0.0,0.0,0.0,0.0,0.0,0.0
South Africa,ZAF,1937,10118159.0,0.0,0.0,0.0,0.0,0.0,0.0,0.0,0.0,0.0,0.0,0.0,0.0,0.0,0.0
South Africa,ZAF,1938,10322389.0,0.0,0.0,0.0,0.0,0.0,0.0,0.0,0.0,0.0,0.0,0.0,0.0,0.0,0.0
South Africa,ZAF,1939,10528607.0,0.0,0.0,0.0,0.0,0.0,0.0,0.0,0.0,0.0,0.0,0.0,0.0,0.0,0.0
South Africa,ZAF,1940,10736810.0,0.0,0.0,0.0,0.0,0.0,0.0,0.0,0.0,0.0,0.0,0.0,0.0,0.0,0.0
South Africa,ZAF,1941,10946998.0,0.0,0.0,0.0,0.0,0.0,0.0,0.0,0.0,0.0,0.0,0.0,0.0,0.0,0.0
South Africa,ZAF,1942,11159168.0,0.0,0.0,0.0,0.0,0.0,0.0,0.0,0.0,0.0,0.0,0.0,0.0,0.0,0.0
South Africa,ZAF,1943,11373317.0,0.0,0.0,0.0,0.0,0.0,0.0,0.0,0.0,0.0,0.0,0.0,0.0,0.0,0.0
South Africa,ZAF,1944,11591575.0,0.0,0.0,0.0,0.0,0.0,0.0,0.0,0.0,0.0,0.0,0.0,0.0,0.0,0.0
South Africa,ZAF,1945,11814022.0,0.0,0.0,0.0,0.0,0.0,0.0,0.0,0.0,0.0,0.0,0.0,0.0,0.0,0.0
South Africa,ZAF,1946,12040737.0,0.0,0.0,0.0,0.0,0.0,0.0,0.0,0.0,0.0,0.0,0.0,0.0,0.0,0.0
South Africa,ZAF,1947,12271803.0,0.0,0.0,0.0,0.0,0.0,0.0,0.0,0.0,0.0,0.0,0.0,0.0,0.0,0.0
South Africa,ZAF,1948,12507304.0,0.0,0.0,0.0,0.0,0.0,0.0,0.0,0.0,0.0,0.0,0.0,0.0,0.0,0.0
South Africa,ZAF,1949,12764367.0,0.0,0.0,0.0,0.0,0.0,0.0,0.0,0.0,0.0,0.0,0.0,0.0,0.0,0.0
South Africa,ZAF,1950,13038461.0,54940790784.0,0.0,0.0,0.0,0.0,0.0,0.0,0.0,0.0,0.0,0.0,0.0,0.0,0.0
South Africa,ZAF,1951,13308974.0,57515675648.0,0.0,0.0,0.0,0.0,0.0,0.0,0.0,0.0,0.0,0.0,0.0,0.0,0.0
South Africa,ZAF,1952,13595492.0,59556102144.0,0.0,0.0,0.0,0.0,0.0,0.0,0.0,0.0,0.0,0.0,0.0,0.0,0.0
South Africa,ZAF,1953,13892858.0,62355161088.0,0.0,0.0,0.0,0.0,0.0,0.0,0.0,0.0,0.0,0.0,0.0,0.0,0.0
South Africa,ZAF,1954,14203738.0,66022801408.0,0.0,0.0,0.0,0.0,0.0,0.0,0.0,0.0,0.0,0.0,0.0,0.0,0.0
South Africa,ZAF,1955,14533312.0,69327536128.0,0.0,0.0,0.0,0.0,0.0,0.0,0.0,0.0,0.0,0.0,0.0,0.0,0.0
South Africa,ZAF,1956,14880635.0,73183059968.0,0.0,0.0,0.0,0.0,0.0,0.0,0.0,0.0,0.0,0.0,0.0,0.0,0.0
South Africa,ZAF,1957,15244788.0,75976884224.0,0.0,0.0,0.0,0.0,0.0,0.0,0.0,0.0,0.0,0.0,0.0,0.0,0.0
South Africa,ZAF,1958,15620370.0,77574438912.0,0.0,0.0,0.0,0.0,0.0,0.0,0.0,0.0,0.0,0.0,0.0,0.0,0.0
South Africa,ZAF,1959,16014918.0,81038573568.0,0.0,0.0,0.0,0.0,0.0,0.0,0.0,0.0,0.0,0.0,0.0,0.0,0.0
South Africa,ZAF,1960,16440132.0,84418510848.0,0.0,0.0,0.0,0.0,0.0,0.0,0.0,0.0,0.0,0.0,0.0,0.0,0.0
South Africa,ZAF,1961,16907992.0,88081178624.0,0.0,0.0,0.0,0.0,0.0,0.0,0.0,0.0,0.0,0.0,0.0,0.0,0.0
South Africa,ZAF,1962,17418474.0,93013172224.0,0.0,0.0,0.0,0.0,0.0,0.0,0.0,0.0,0.0,0.0,0.0,0.0,0.0
South Africa,ZAF,1963,17954514.0,99827408896.0,0.0,0.0,0.0,0.0,0.0,0.0,0.0,0.0,0.0,0.0,0.0,0.0,0.0
South Africa,ZAF,1964,18511322.0,106518454272.0,0.0,0.0,0.0,0.0,0.0,0.0,0.0,0.0,0.0,0.0,0.0,0.0,0.0
South Africa,ZAF,1965,19089334.0,112882728960.0,354.229,18556.357,3.138,67.358,0.0,286.761,0.0,0.103,0.103,354.119,99.971,0.029,0.0
South Africa,ZAF,1966,19690028.0,117778079744.0,356.429,18102.004,3.026,73.19,0.0,283.132,0.0,0.1,0.1,356.323,99.972,0.028,0.0
South Africa,ZAF,1967,20314032.0,125836935168.0,371.155,18270.861,2.949,79.77,0.0,291.308,0.0,0.072,0.072,371.078,99.981,0.019,0.0
South Africa,ZAF,1968,20957242.0,131293347840.0,391.708,18690.814,2.983,86.71,0.0,304.927,0.0,0.067,0.067,391.637,99.983,0.017,0.0
South Africa,ZAF,1969,21614631.0,139369775104.0,403.315,18659.34,2.894,95.325,0.0,307.927,0.0,0.058,0.058,403.253,99.986,0.014,0.0
South Africa,ZAF,1970,22279946.0,146627018752.0,421.478,18917.365,2.874,103.3,0.0,318.104,0.0,0.069,0.069,421.404,99.984,0.016,0.0
South Africa,ZAF,1971,22942096.0,153821282304.0,454.026,19790.102,2.952,112.905,0.615,340.175,0.0,0.311,0.311,453.695,99.931,0.069,0.0
South Africa,ZAF,1972,23609402.0,156779560960.0,469.029,19866.209,2.992,123.062,0.916,342.585,0.0,2.317,2.317,466.563,99.506,0.494,0.0
South Africa,ZAF,1973,24294211.0,163375546368.0,504.605,20770.578,3.089,135.769,0.993,364.93,0.0,2.736,2.736,501.692,99.458,0.542,0.0
South Africa,ZAF,1974,24989057.0,172551372800.0,519.095,20772.875,3.008,132.298,1.165,382.285,0.0,3.144,3.144,515.747,99.394,0.606,0.0
South Africa,ZAF,1975,25690898.0,175749496832.0,553.408,21541.0,3.149,140.555,1.531,408.01,0.0,3.111,3.111,550.096,99.438,0.562,0.0
South Africa,ZAF,1976,26395398.0,180034633728.0,577.602,21882.676,3.208,142.12,1.546,428.388,0.0,5.211,5.211,572.055,99.097,0.903,0.0
South Africa,ZAF,1977,27118903.0,179681542144.0,591.76,21820.947,3.293,140.738,1.481,443.792,0.0,5.4,5.4,586.012,99.087,0.913,0.0
South Africa,ZAF,1978,27869456.0,185013862400.0,586.007,21026.855,3.167,147.817,1.52,431.031,0.0,5.297,5.297,580.368,99.096,0.904,0.0
South Africa,ZAF,1979,28634112.0,192300236800.0,605.098,21132.066,3.147,140.09,1.879,459.747,0.0,3.178,3.178,601.715,99.475,0.525,0.0
South Africa,ZAF,1980,29518811.0,204702613504.0,645.864,21879.75,3.155,144.072,2.127,496.732,0.0,2.756,2.756,642.931,99.573,0.427,0.0
South Africa,ZAF,1981,30540997.0,215434543104.0,751.926,24620.223,3.49,156.115,2.064,588.86,0.0,4.592,4.592,747.038,99.389,0.611,0.0
South Africa,ZAF,1982,31615289.0,214585950208.0,808.716,25579.887,3.769,158.245,1.879,645.587,0.0,2.822,2.822,805.711,99.651,0.349,0.0
South Africa,ZAF,1983,32739263.0,210671517696.0,819.453,25029.678,3.89,159.864,2.129,655.701,0.0,1.653,1.653,817.694,99.798,0.202,0.0
South Africa,ZAF,1984,33892739.0,221387587584.0,895.522,26422.229,4.045,174.057,2.135,706.537,0.0,1.556,12.458,882.728,98.608,1.392,0.0
South Africa,ZAF,1985,35042049.0,218712375296.0,914.556,26098.818,4.182,170.04,2.016,725.574,0.0,1.733,16.497,897.63,98.195,1.805,0.0
South Africa,ZAF,1986,36180469.0,218892222464.0,931.701,25751.494,4.256,164.142,2.115,735.666,0.0,4.508,28.961,901.923,96.889,3.111,0.0
South Africa,ZAF,1987,37326139.0,223307087872.0,946.451,25356.252,4.238,173.641,1.957,748.573,0.0,4.492,21.622,924.171,97.714,2.286,0.0
South Africa,ZAF,1988,38480593.0,232506867712.0,1042.3,27086.369,4.483,191.274,1.974,809.927,0.0,8.783,37.931,1003.176,96.357,3.643,0.0
South Africa,ZAF,1989,39628521.0,237353631744.0,995.722,25126.391,4.195,198.179,2.012,755.879,0.0,7.664,38.494,956.07,96.13,3.87,0.0
South Africa,ZAF,1990,40746216.0,235128504320.0,1029.669,25270.297,4.379,200.102,19.709,782.898,0.0,2.806,26.275,1002.708,97.447,2.553,0.0
South Africa,ZAF,1991,41687861.0,237880803328.0,1022.248,24521.48,4.297,201.755,19.94,768.753,0.0,5.5,30.9,990.447,96.975,3.025,0.0
South Africa,ZAF,1992,42443459.0,238567243776.0,1027.038,24197.797,4.305,208.364,18.412,771.684,0.0,2.089,27.889,998.46,97.283,2.717,0.0
South Africa,ZAF,1993,43297110.0,247203446784.0,1025.258,23679.596,4.147,216.773,12.738,774.729,0.0,0.406,20.558,1004.24,97.994,2.006,0.0
South Africa,ZAF,1994,44004087.0,261851807744.0,1069.309,24300.219,4.084,226.234,12.754,799.63,0.0,2.983,29.919,1038.618,97.2,2.8,0.0
South Africa,ZAF,1995,44541512.0,277583790080.0,1117.516,25089.322,4.026,241.261,12.911,829.713,0.0,1.469,32.861,1083.885,97.057,2.943,0.0
South Africa,ZAF,1996,45122972.0,296908029952.0,1139.763,25259.035,3.839,248.507,11.245,842.507,0.0,3.851,36.56,1102.259,96.79,3.21,0.0
South Africa,ZAF,1997,45666787.0,311987503104.0,1165.543,25522.766,3.736,252.603,9.315,861.087,0.0,6.267,41.398,1123.005,96.445,3.555,0.0
South Africa,ZAF,1998,46223832.0,320149749760.0,1145.026,24771.324,3.577,256.453,9.298,835.228,0.0,5.152,42.933,1100.979,96.247,3.753,0.0
South Africa,ZAF,1999,46730283.0,334638448640.0,1183.745,25331.424,3.537,259.981,11.864,872.699,0.0,2.632,38.291,1144.544,96.763,3.237,0.0
South Africa,ZAF,2000,47159672.0,356072095744.0,1185.383,25135.525,3.329,264.298,11.396,867.965,0.0,4.576,40.715,1143.66,96.562,3.438,168.41
South Africa,ZAF,2001,47566761.0,374889021440.0,1191.536,25049.77,3.178,269.982,13.829,871.069,0.0,6.106,35.717,1154.88,97.0,3.0,169.39
South Africa,ZAF,2002,48019362.0,396137562112.0,1161.125,24180.35,2.931,276.942,13.92,828.598,0.491,7.673,40.525,1119.46,96.506,3.494,176.96
South Africa,ZAF,2003,48500305.0,413710090240.0,1257.958,25937.115,3.041,286.923,10.525,920.966,0.542,4.127,38.631,1218.415,96.927,3.073,189.18
South Africa,ZAF,2004,48991365.0,439265853440.0,1372.773,28020.705,3.125,297.692,24.343,1009.107,0.637,4.48,40.699,1331.142,97.033,2.967,197.38
South Africa,ZAF,2005,49489992.0,470188851200.0,1299.322,26254.229,2.763,298.219,34.555,930.264,0.0,4.988,35.344,1263.038,97.278,2.722,199.05
South Africa,ZAF,2006,49998227.0,505574490112.0,1326.061,26522.154,2.623,304.012,37.447,947.528,0.072,9.169,35.976,1288.987,97.285,2.715,206.47
South Africa,ZAF,2007,50528523.0,542976212992.0,1362.193,26958.902,2.509,310.248,37.909,972.977,0.785,9.837,39.935,1321.134,97.066,2.934,213.44
South Africa,ZAF,2008,51114550.0,571660828672.0,1459.697,28557.361,2.553,294.213,39.219,1085.503,0.581,5.443,39.754,1418.934,97.275,2.725,209.06
South Africa,ZAF,2009,51728471.0,574768021504.0,1453.214,28093.119,2.528,288.546,33.24,1091.17,0.304,5.657,39.268,1412.956,97.296,2.704,201.62
South Africa,ZAF,2010,52344000.0,607601623040.0,1463.989,27968.605,2.409,302.437,41.221,1079.536,0.159,4.534,39.76,1423.193,97.282,2.718,209.65
South Africa,ZAF,2011,52995162.0,645388107776.0,1446.214,27289.547,2.241,306.035,42.809,1052.656,0.468,9.997,43.422,1401.501,96.995,3.005,210.92
South Africa,ZAF,2012,53782518.0,660853030912.0,1424.104,26478.934,2.155,313.721,43.573,1027.384,0.827,5.09,38.511,1384.678,97.294,2.706,208.11
South Africa,ZAF,2013,54678742.0,677278318592.0,1430.569,26163.158,2.112,319.58,40.544,1027.612,0.644,5.677,41.753,1387.736,97.079,2.921,204.69
South Africa,ZAF,2014,55594796.0,686853914624.0,1448.045,26046.414,2.108,316.091,42.982,1040.72,0.567,11.72,46.82,1399.793,96.764,3.236,201.67
South Africa,ZAF,2015,56723493.0,695933206528.0,1415.416,24952.904,2.034,344.8,43.186,976.488,0.67,18.241,49.221,1364.474,96.518,3.482,197.8
South Africa,ZAF,2016,57259496.0,700558016512.0,1480.061,25848.301,2.113,331.598,36.547,1050.054,0.501,21.906,59.66,1418.199,95.963,4.037,197.06
South Africa,ZAF,2017,57635106.0,708670128128.0,1475.142,25594.5,2.082,332.07,40.109,1032.945,0.505,31.805,67.288,1405.124,95.43,4.57,196.19
South Africa,ZAF,2018,58612952.0,719458336768.0,1409.859,24053.717,1.96,321.924,44.108,980.26,0.815,32.227,61.033,1346.292,95.663,4.337,198.55
South Africa,ZAF,2019,59587828.0,721641603072.0,1471.708,24698.135,2.039,315.921,42.612,1044.748,1.175,32.905,65.707,1403.281,95.527,4.473,193.38
South Africa,ZAF,2020,60562321.0,675871719424.0,1399.597,23110.025,2.071,274.014,39.705,1022.687,1.271,36.073,60.525,1336.406,95.667,4.333,183.66
South Africa,ZAF,2021,61502553.0,709077893120.0,1405.65,22855.152,1.982,288.233,41.993,996.153,1.267,45.54,75.971,1326.379,94.583,5.417,181.88
South Africa,ZAF,2022,62378377.0,723559317504.0,1346.169,21580.703,1.86,287.8,42.695,938.539,1.176,48.99,73.806,1269.034,94.504,5.496,174.2
South Africa,ZAF,2023,63212339.0,0.0,1367.989,21641.166,0.0,290.035,47.449,955.848,1.015,51.261,71.017,1293.333,94.795,5.205,165.77
South Africa,ZAF,2024,64007137.0,0.0,1362.492,21286.564,0.0,267.992,47.71,976.233,1.024,48.347,67.371,1291.935,95.044,4.956,173.54
